path,kind,panel,script_lines,spec,icon,metadata_errors
KL&A Tools_dev.tab/01 KL&A Resource Links.panel/Launch Gen Notes Typ Details.pushbutton,pushbutton,01 KL&A Resource Links.panel,14,True,True,
KL&A Tools_dev.tab/01 KL&A Resource Links.panel/Launch Revit Standards.pushbutton,pushbutton,01 KL&A Resource Links.panel,11,True,True,
KL&A Tools_dev.tab/02 KL&A Tools.panel/Carbon GWP Pull.pushbutton,pushbutton,02 KL&A Tools.panel,1168,True,True,
KL&A Tools_dev.tab/02 KL&A Tools.panel/Hide Engineering Notes.pushbutton,pushbutton,02 KL&A Tools.panel,684,True,True,
KL&A Tools_dev.tab/03 Core Tools.panel/Copy Legends to Other Documents.pushbutton,pushbutton,03 Core Tools.panel,214,True,True,
KL&A Tools_dev.tab/03 Core Tools.panel/Override 2D.smartbutton,smartbutton,03 Core Tools.panel,111,True,True,
KL&A Tools_dev.tab/03 Core Tools.panel/Rename.pulldown/FindReplace - Views.pushbutton,pushbutton,03 Core Tools.panel,58,True,True,
KL&A Tools_dev.tab/03 Core Tools.panel/Rename.pulldown/FindReplace_Sheets.pushbutton,pushbutton,03 Core Tools.panel,110,True,True,
KL&A Tools_dev.tab/03 Core Tools.panel/Revision.pulldown/Find All Revised Sheets.pushbutton,pushbutton,03 Core Tools.panel,36,True,True,
KL&A Tools_dev.tab/03 Core Tools.panel/Revision.pulldown/Find All Revision Clouds On Views.pushbutton,pushbutton,03 Core Tools.panel,132,True,True,
KL&A Tools_dev.tab/03 Core Tools.panel/Revision.pulldown/Hide Revision Clouds.pushbutton,pushbutton,03 Core Tools.panel,466,True,True,
KL&A Tools_dev.tab/03 Core Tools.panel/Revision.pulldown/Remove Revision From Sheets.pushbutton,pushbutton,03 Core Tools.panel,43,True,True,
KL&A Tools_dev.tab/03 Core Tools.panel/Revision.pulldown/Set Revision On Sheets.pushbutton,pushbutton,03 Core Tools.panel,32,True,True,
KL&A Tools_dev.tab/03 Core Tools.panel/ViewRange.pushbutton,pushbutton,03 Core Tools.panel,1042,True,True,
KL&A Tools_dev.tab/03 Core Tools.panel/Who Did That.pushbutton,pushbutton,03 Core Tools.panel,84,True,True,
KL&A Tools_dev.tab/03 Core Tools.panel/duplicate_sheets.pushbutton,pushbutton,03 Core Tools.panel,662,True,True,
KL&A Tools_dev.tab/04 Outreach.panel/About KL&A Tools.pushbutton,pushbutton,04 Outreach.panel,81,True,True,
KL&A Tools_dev.tab/04 Outreach.panel/Prototype.pushbutton,pushbutton,04 Outreach.panel,16,True,True,
KL&A Tools_dev.tab/04 Outreach.panel/Suggestions.pushbutton,pushbutton,04 Outreach.panel,126,True,True,
KL&A Tools_dev.tab/05 DevSandbox.panel/Launch Dynamo Player.pushbutton,pushbutton,05 DevSandbox.panel,41,True,True,
KL&A Tools_dev.tab/05 DevSandbox.panel/Prototype.pulldown/Beam Reaction Declutter.pushbutton,pushbutton,05 DevSandbox.panel,432,True,True,
KL&A Tools_dev.tab/05 DevSandbox.panel/Prototype.pulldown/Concrete Mix Header.pushbutton,pushbutton,05 DevSandbox.panel,591,True,True,
KL&A Tools_dev.tab/05 DevSandbox.panel/Prototype.pulldown/Create Detail Folders.pushbutton,pushbutton,05 DevSandbox.panel,328,True,True,
KL&A Tools_dev.tab/05 DevSandbox.panel/Prototype.pulldown/Element Takeoff.pushbutton,pushbutton,05 DevSandbox.panel,179,True,True,
KL&A Tools_dev.tab/05 DevSandbox.panel/Prototype.pulldown/Excel COM Smoke Test.pushbutton,pushbutton,05 DevSandbox.panel,246,True,False,
KL&A Tools_dev.tab/05 DevSandbox.panel/Prototype.pulldown/Family Studio.invokebutton,invokebutton,05 DevSandbox.panel,0,True,True,
KL&A Tools_dev.tab/05 DevSandbox.panel/Prototype.pulldown/FindReplace - Views-proto.pushbutton,pushbutton,05 DevSandbox.panel,99,True,True,
KL&A Tools_dev.tab/05 DevSandbox.panel/Prototype.pulldown/FindReplace_Sheets-proto.pushbutton,pushbutton,05 DevSandbox.panel,194,True,True,
KL&A Tools_dev.tab/05 DevSandbox.panel/Prototype.pulldown/Highlight Changed Elements.pushbutton,pushbutton,05 DevSandbox.panel,538,True,True,
KL&A Tools_dev.tab/05 DevSandbox.panel/Prototype.pulldown/Inspect Schedule Header.pushbutton,pushbutton,05 DevSandbox.panel,556,True,True,
KL&A Tools_dev.tab/05 DevSandbox.panel/Prototype.pulldown/Launch Dynamo Script.pushbutton,pushbutton,05 DevSandbox.panel,46,True,True,
KL&A Tools_dev.tab/05 DevSandbox.panel/Prototype.pulldown/Open Keynote File.pushbutton,pushbutton,05 DevSandbox.panel,130,True,True,
KL&A Tools_dev.tab/05 DevSandbox.panel/Prototype.pulldown/Startup Importer.invokebutton,invokebutton,05 DevSandbox.panel,0,True,True,
KL&A Tools_dev.tab/05 DevSandbox.panel/Prototype.pulldown/Steel PSF.pushbutton,pushbutton,05 DevSandbox.panel,675,True,True,
KL&A Tools_dev.tab/05 DevSandbox.panel/Prototype.pulldown/Trial.urlbutton,urlbutton,05 DevSandbox.panel,0,True,True,
KL&A Tools_dev.tab/05 DevSandbox.panel/Prototype.pulldown/UI Gallery.pushbutton,pushbutton,05 DevSandbox.panel,630,True,True,
