path,width,height,mode,alpha_min,alpha_max,visible_pixels,opaque_color_count,dominant_opaque_color,named_token,off_token_opaque_pixels,sha256
KL&A Tools_dev.tab/01 KL&A Resource Links.panel/Launch Gen Notes Typ Details.pushbutton/icon.png,96,96,RGBA,0,255,6080,867,#FFFFFF,,,6ba7cfeb44e42f5974a56b71d38c65f23349b0d8395623018d66fca8ff8c015a
KL&A Tools_dev.tab/01 KL&A Resource Links.panel/Launch Revit Standards.pushbutton/icon.png,96,96,RGBA,0,255,6080,867,#FFFFFF,,,6ba7cfeb44e42f5974a56b71d38c65f23349b0d8395623018d66fca8ff8c015a
KL&A Tools_dev.tab/02 KL&A Tools.panel/Carbon GWP Pull.pushbutton/icon.png,96,96,RGBA,0,255,6080,867,#FFFFFF,,,6ba7cfeb44e42f5974a56b71d38c65f23349b0d8395623018d66fca8ff8c015a
KL&A Tools_dev.tab/02 KL&A Tools.panel/Hide Engineering Notes.pushbutton/icon.png,96,96,RGBA,0,255,6080,867,#FFFFFF,,,6ba7cfeb44e42f5974a56b71d38c65f23349b0d8395623018d66fca8ff8c015a
KL&A Tools_dev.tab/03 Core Tools.panel/Copy Legends to Other Documents.pushbutton/icon.dark.png,32,32,RGBA,0,255,313,1,#E5E4E2,,,a8ce58c89982f156c891badd18eb591cf923da77d7ab814ac0b17708af1ede89
KL&A Tools_dev.tab/03 Core Tools.panel/Copy Legends to Other Documents.pushbutton/icon.png,32,32,RGBA,0,255,313,1,#1A252B,,,85397fe9755c8d48b84d2374746866b2edf60ac01e77481c1f75df526fd7ade9
KL&A Tools_dev.tab/03 Core Tools.panel/Override 2D.smartbutton/icon.dark.png,32,32,RGBA,0,255,316,1,#E5E4E2,,,09f04fe5fffb9fa130c19044aada9817c3f6f8c4103e46d2e4b93164bcb11ace
KL&A Tools_dev.tab/03 Core Tools.panel/Override 2D.smartbutton/icon.png,32,32,RGBA,0,255,316,1,#1A252B,,,7ea97b601d98c0a2aef240d3897a42f3df0ebc594651b8d095ba4a0c87de8081
KL&A Tools_dev.tab/03 Core Tools.panel/Rename.pulldown/FindReplace - Views.pushbutton/icon.dark.png,32,32,RGBA,0,255,292,1,#E5E4E2,,,0ecf3c3d4447fb79a4fcd8ff83e4e0e3761182ad8a2757a3606b36205bb9364d
KL&A Tools_dev.tab/03 Core Tools.panel/Rename.pulldown/FindReplace - Views.pushbutton/icon.png,32,32,RGBA,0,255,292,1,#1A252B,,,b9728ef25702307cf47c9a134e89a65f9e459bab7d0b9f71f25ba7a7857876ab
KL&A Tools_dev.tab/03 Core Tools.panel/Rename.pulldown/FindReplace_Sheets.pushbutton/icon.dark.png,32,32,RGBA,0,255,211,1,#E5E4E2,,,c1b3222d6722bba9fa11d666ce7bf9fc2f18bbec80fc7692eb13997d72d726cc
KL&A Tools_dev.tab/03 Core Tools.panel/Rename.pulldown/FindReplace_Sheets.pushbutton/icon.png,32,32,RGBA,0,255,211,1,#1A252B,,,143d2d6cf3c99e4a7e913554ed6b022d8e6f946d6adfbe7a345487cc558d1418
KL&A Tools_dev.tab/03 Core Tools.panel/Rename.pulldown/icon.dark.png,32,32,RGBA,0,255,226,1,#E5E4E2,,,7389cc02b56663c3286465a3921332dcafd8cc78b85591104391ebe5d56968a6
KL&A Tools_dev.tab/03 Core Tools.panel/Rename.pulldown/icon.png,32,32,RGBA,0,255,226,1,#1A252B,,,dadbb6fc1f9f4ce278562c692aabf2df88750d1bd7ec17d01db9f6c06af740f7
KL&A Tools_dev.tab/03 Core Tools.panel/Revision.pulldown/Find All Revised Sheets.pushbutton/icon.dark.png,96,96,RGBA,0,255,2240,1,#E5E4E2,,,8ebf1570962dc03e05c209592032d0a8b7bb505b7657ae09bdaddc6f512b0da2
KL&A Tools_dev.tab/03 Core Tools.panel/Revision.pulldown/Find All Revised Sheets.pushbutton/icon.png,96,96,RGBA,0,255,2240,1,#1A252B,,,8fcc8b95507de5608277939d017f63a0dc925d4193bafa3f365fa49ad728e3fe
KL&A Tools_dev.tab/03 Core Tools.panel/Revision.pulldown/Find All Revision Clouds On Views.pushbutton/icon.dark.png,96,96,RGBA,0,255,1625,1,#E5E4E2,,,bdac9afa0f9af2c54b2380c8ccf232da14bdfc5994c5528069bb99b79a84727e
KL&A Tools_dev.tab/03 Core Tools.panel/Revision.pulldown/Find All Revision Clouds On Views.pushbutton/icon.png,96,96,RGBA,0,255,1625,1,#1A252B,,,018d94fc1d129f0eec0bae483ba71fbd61e6c5f0ff5c2e802509c83bec9587b1
KL&A Tools_dev.tab/03 Core Tools.panel/Revision.pulldown/Hide Revision Clouds.pushbutton/icon.dark.png,24,24,RGBA,0,255,199,2,#E5E4E2,,,1d38aba85bc1bd410ad9e31ca346389cc1d95ee4304279355b64247dee1c773e
KL&A Tools_dev.tab/03 Core Tools.panel/Revision.pulldown/Hide Revision Clouds.pushbutton/icon.png,24,24,RGBA,0,255,199,2,#1A252B,,,a31b95d98a572078f25c4a7f8a89106ba6875bf8f9cd580e659195771aafa7da
KL&A Tools_dev.tab/03 Core Tools.panel/Revision.pulldown/Remove Revision From Sheets.pushbutton/icon.dark.png,96,96,RGBA,0,255,2081,1,#E5E4E2,,,1696ff4fba986a0eb90ed1bd6388dce20d0fbac286ef73c291c00ceb0939143e
KL&A Tools_dev.tab/03 Core Tools.panel/Revision.pulldown/Remove Revision From Sheets.pushbutton/icon.png,96,96,RGBA,0,255,2081,1,#1A252B,,,ce92a9bc36bc07e6b19fc41f086456c66376262055c9cf97069ea2213c0b7a4e
KL&A Tools_dev.tab/03 Core Tools.panel/Revision.pulldown/Set Revision On Sheets.pushbutton/icon.dark.png,96,96,RGBA,0,255,2045,1,#E5E4E2,,,0acfa6f6eb88aa6cc282ae33c8633f39ae880eaca5957ccd04e7622e4a2baffc
KL&A Tools_dev.tab/03 Core Tools.panel/Revision.pulldown/Set Revision On Sheets.pushbutton/icon.png,96,96,RGBA,0,255,2045,1,#1A252B,,,5129de6b1e02935c11fd23b97def725aad70b10ee82c6ca92a5b5ccb67c597ec
KL&A Tools_dev.tab/03 Core Tools.panel/Revision.pulldown/icon.dark.png,96,96,RGBA,0,255,1298,1,#EBEBEB,,,db357f12e1f6868235af739b94a0dbe311ecf7d022781b4209f8b96ec75509ca
KL&A Tools_dev.tab/03 Core Tools.panel/Revision.pulldown/icon.png,96,96,RGBA,0,255,1298,1,#1A252B,,,3cec8d7d46a465db52415f37b9ab19ac830a7d2846a0e19d69d63799fa6fde17
KL&A Tools_dev.tab/03 Core Tools.panel/ViewRange.pushbutton/icon.dark.png,96,96,RGBA,0,255,1888,1,#E5E4E2,,,051261e443bc81ae855ea5fa50d5de461b17ac70559baed0fb329d8949f1a732
KL&A Tools_dev.tab/03 Core Tools.panel/ViewRange.pushbutton/icon.png,96,96,RGBA,0,255,1888,1,#1A252B,,,abe1327fdd62ebf67e270a794df8c45db9acf411156a62d55d1daa5ea07274f4
KL&A Tools_dev.tab/03 Core Tools.panel/Who Did That.pushbutton/icon.dark.png,32,32,RGBA,0,255,297,1,#E5E4E2,,,996632e933cd5d94a8bdd7712758fdcacdbc050ec4404599cd43bfe8b8297cd6
KL&A Tools_dev.tab/03 Core Tools.panel/Who Did That.pushbutton/icon.png,32,32,RGBA,0,255,297,1,#1A252B,,,d5afa8799658af0519af0720e0b6d8fb54649628aeef81b0961fb5eebd724bbf
KL&A Tools_dev.tab/03 Core Tools.panel/duplicate_sheets.pushbutton/icon.dark.png,32,32,RGBA,0,255,349,1,#E5E4E2,,,90b970c806c1f9d1b675cb9879ed6004370423e658b8fc062fd09f46e2033361
KL&A Tools_dev.tab/03 Core Tools.panel/duplicate_sheets.pushbutton/icon.png,32,32,RGBA,0,255,349,1,#1A252B,,,17eb6c904d1c33daca0d6efa2f78e06ba0fc3cc6a32e277b6ec542e3516d913e
KL&A Tools_dev.tab/04 Outreach.panel/About KL&A Tools.pushbutton/icon.dark.png,96,96,RGBA,0,255,1897,1,#EBEBEB,,,b56bb1254576afc45de0baac87c946759f0014c6cb86a0332dc574a06368beb2
KL&A Tools_dev.tab/04 Outreach.panel/About KL&A Tools.pushbutton/icon.png,96,96,RGBA,0,255,1897,1,#34495E,,,b628e557de5f7d5391a1812f7284415d826c66de9824f73bf9df6bfadff76f5c
KL&A Tools_dev.tab/04 Outreach.panel/Prototype.pushbutton/icon.dark.png,32,32,RGBA,0,255,261,1,#EBEBEB,,,330f930c60d4c77612bf708bbcf691c3167b84b024de8238346f3ca2927c9dd9
KL&A Tools_dev.tab/04 Outreach.panel/Prototype.pushbutton/icon.png,32,32,RGBA,0,255,261,1,#34495E,,,6f0bbd9155f30d75e8ae3846274b4633518f93e9ebabedecf396e11dad9d44dd
KL&A Tools_dev.tab/04 Outreach.panel/Suggestions.pushbutton/icon.dark.png,32,32,RGBA,0,255,261,1,#EBEBEB,,,330f930c60d4c77612bf708bbcf691c3167b84b024de8238346f3ca2927c9dd9
KL&A Tools_dev.tab/04 Outreach.panel/Suggestions.pushbutton/icon.png,32,32,RGBA,0,255,261,1,#34495E,,,6f0bbd9155f30d75e8ae3846274b4633518f93e9ebabedecf396e11dad9d44dd
KL&A Tools_dev.tab/05 DevSandbox.panel/Launch Dynamo Player.pushbutton/icon.png,96,96,RGBA,0,255,6080,947,#FFFFFF,,,29590edf7087d7098cb70dbd1ed45d0b049a6ed4e42bad854788ddcd98fdf94a
KL&A Tools_dev.tab/05 DevSandbox.panel/Prototype.pulldown/Beam Reaction Declutter.pushbutton/icon.png,24,24,RGBA,0,255,188,1,#FF8000,,,73f77d8da5ee77b109934e677ee735a7f90a36aa4fa192d9c2064f6d74ac52c2
KL&A Tools_dev.tab/05 DevSandbox.panel/Prototype.pulldown/Concrete Mix Header.pushbutton/icon.png,24,24,RGBA,0,255,188,1,#FF8000,,,73f77d8da5ee77b109934e677ee735a7f90a36aa4fa192d9c2064f6d74ac52c2
KL&A Tools_dev.tab/05 DevSandbox.panel/Prototype.pulldown/Create Detail Folders.pushbutton/icon.png,24,24,RGBA,0,255,188,1,#FF8000,,,73f77d8da5ee77b109934e677ee735a7f90a36aa4fa192d9c2064f6d74ac52c2
KL&A Tools_dev.tab/05 DevSandbox.panel/Prototype.pulldown/Element Takeoff.pushbutton/icon.png,24,24,RGBA,0,255,188,1,#FF8000,,,73f77d8da5ee77b109934e677ee735a7f90a36aa4fa192d9c2064f6d74ac52c2
KL&A Tools_dev.tab/05 DevSandbox.panel/Prototype.pulldown/Family Studio.invokebutton/icon.dark.png,32,32,RGBA,0,255,261,1,#FF8000,,,334036c70e65f65d04a143e5ae615a6f54ae23e94bf90506c20244cba95fa678
KL&A Tools_dev.tab/05 DevSandbox.panel/Prototype.pulldown/Family Studio.invokebutton/icon.png,32,32,RGBA,0,255,261,1,#FF8000,,,334036c70e65f65d04a143e5ae615a6f54ae23e94bf90506c20244cba95fa678
KL&A Tools_dev.tab/05 DevSandbox.panel/Prototype.pulldown/FindReplace - Views-proto.pushbutton/icon.png,24,24,RGBA,0,255,188,1,#FF8000,,,73f77d8da5ee77b109934e677ee735a7f90a36aa4fa192d9c2064f6d74ac52c2
KL&A Tools_dev.tab/05 DevSandbox.panel/Prototype.pulldown/FindReplace_Sheets-proto.pushbutton/icon.png,24,24,RGBA,0,255,188,1,#FF8000,,,73f77d8da5ee77b109934e677ee735a7f90a36aa4fa192d9c2064f6d74ac52c2
KL&A Tools_dev.tab/05 DevSandbox.panel/Prototype.pulldown/Highlight Changed Elements.pushbutton/icon.png,24,24,RGBA,0,255,188,1,#FF8000,,,73f77d8da5ee77b109934e677ee735a7f90a36aa4fa192d9c2064f6d74ac52c2
KL&A Tools_dev.tab/05 DevSandbox.panel/Prototype.pulldown/Inspect Schedule Header.pushbutton/icon.png,24,24,RGBA,0,255,168,1,#FF8000,,,850cb13db24c1b86b49077ff0b10843b0e950a4761ff70e6642059b12673141c
KL&A Tools_dev.tab/05 DevSandbox.panel/Prototype.pulldown/Launch Dynamo Script.pushbutton/icon.png,24,24,RGBA,0,255,188,1,#FF8000,,,73f77d8da5ee77b109934e677ee735a7f90a36aa4fa192d9c2064f6d74ac52c2
KL&A Tools_dev.tab/05 DevSandbox.panel/Prototype.pulldown/Open Keynote File.pushbutton/icon.png,24,24,RGBA,0,255,188,1,#FF8000,,,73f77d8da5ee77b109934e677ee735a7f90a36aa4fa192d9c2064f6d74ac52c2
KL&A Tools_dev.tab/05 DevSandbox.panel/Prototype.pulldown/Startup Importer.invokebutton/icon.dark.png,32,32,RGBA,0,255,261,1,#FF8000,,,334036c70e65f65d04a143e5ae615a6f54ae23e94bf90506c20244cba95fa678
KL&A Tools_dev.tab/05 DevSandbox.panel/Prototype.pulldown/Startup Importer.invokebutton/icon.png,32,32,RGBA,0,255,261,1,#FF8000,,,334036c70e65f65d04a143e5ae615a6f54ae23e94bf90506c20244cba95fa678
KL&A Tools_dev.tab/05 DevSandbox.panel/Prototype.pulldown/Steel PSF.pushbutton/icon.png,24,24,RGBA,0,255,188,1,#FF8000,,,73f77d8da5ee77b109934e677ee735a7f90a36aa4fa192d9c2064f6d74ac52c2
KL&A Tools_dev.tab/05 DevSandbox.panel/Prototype.pulldown/Trial.urlbutton/icon.png,32,32,RGBA,0,255,261,1,#FF8000,,,334036c70e65f65d04a143e5ae615a6f54ae23e94bf90506c20244cba95fa678
KL&A Tools_dev.tab/05 DevSandbox.panel/Prototype.pulldown/UI Gallery.pushbutton/icon.png,24,24,RGBA,0,255,168,1,#FF8000,,,850cb13db24c1b86b49077ff0b10843b0e950a4761ff70e6642059b12673141c
KL&A Tools_dev.tab/05 DevSandbox.panel/Prototype.pulldown/icon.png,32,32,RGBA,0,255,282,1,#FF8000,,,1fdbaa192380b95506671b909b90dac459046495b4c53d39f806c3e64db9ca10
KL&A Tools_dev.tab/05 DevSandbox.panel/_Templates/Example.tab/.panel/.pulldown/PulldownButton1.pushbutton/icon.png,48,48,RGBA,0,255,1292,15,#FF8000,,,75de07d848f4f9c9cf8efd15c0f6045767534377715538f1855004a194567c12
KL&A Tools_dev.tab/05 DevSandbox.panel/_Templates/Example.tab/.panel/.pulldown/PulldownButton2.pushbutton/icon.png,48,48,RGBA,0,255,1292,51,#FF8000,,,93dc1da7158098f5a26c142047fc0b9aaaa26c6adab8a1e6119649cc9f699caf
KL&A Tools_dev.tab/05 DevSandbox.panel/_Templates/Example.tab/.panel/.pulldown/PulldownButton3.pushbutton/icon.png,48,48,RGBA,0,255,1292,63,#FF8000,,,87d18fe4e4b64e51c2401d0e62ea8a8f8caedafd66b5fda4948922f9e4b35077
KL&A Tools_dev.tab/05 DevSandbox.panel/_Templates/Example.tab/.panel/.pulldown/icon.png,64,64,RGBA,0,255,2384,15,#FF8000,,,d26aa49efe8a6be4dbcae0f3296b1ec7b699b0ea00da06cff8bc02c8bdea842b
KL&A Tools_dev.tab/05 DevSandbox.panel/_Templates/Example.tab/.panel/.pushbutton/icon.png,32,32,RGBA,0,255,261,1,#FF8000,,,334036c70e65f65d04a143e5ae615a6f54ae23e94bf90506c20244cba95fa678
KL&A Tools_dev.tab/05 DevSandbox.panel/_Templates/Example.tab/.panel/.stack/Button1.pushbutton/icon.png,48,48,RGBA,0,255,1292,15,#FF8000,,,75de07d848f4f9c9cf8efd15c0f6045767534377715538f1855004a194567c12
KL&A Tools_dev.tab/05 DevSandbox.panel/_Templates/Example.tab/.panel/.stack/Button2.pushbutton/icon.png,48,48,RGBA,0,255,1292,51,#FF8000,,,93dc1da7158098f5a26c142047fc0b9aaaa26c6adab8a1e6119649cc9f699caf
KL&A Tools_dev.tab/05 DevSandbox.panel/_Templates/Example.tab/.panel/.stack/StackMenu.pulldown/StackPulldownButton1.pushbutton/icon.png,48,48,RGBA,0,255,1292,15,#FF8000,,,75de07d848f4f9c9cf8efd15c0f6045767534377715538f1855004a194567c12
KL&A Tools_dev.tab/05 DevSandbox.panel/_Templates/Example.tab/.panel/.stack/StackMenu.pulldown/StackPulldownButton2.pushbutton/icon.png,48,48,RGBA,0,255,1292,51,#FF8000,,,93dc1da7158098f5a26c142047fc0b9aaaa26c6adab8a1e6119649cc9f699caf
KL&A Tools_dev.tab/05 DevSandbox.panel/_Templates/Example.tab/.panel/.stack/StackMenu.pulldown/StackPulldownButton3.pushbutton/icon.png,48,48,RGBA,0,255,1292,63,#FF8000,,,87d18fe4e4b64e51c2401d0e62ea8a8f8caedafd66b5fda4948922f9e4b35077
KL&A Tools_dev.tab/05 DevSandbox.panel/_Templates/Example.tab/.panel/.stack/StackMenu.pulldown/icon.png,64,64,RGBA,0,255,2384,15,#FF8000,,,d26aa49efe8a6be4dbcae0f3296b1ec7b699b0ea00da06cff8bc02c8bdea842b
KL&A Tools_dev.tab/05 DevSandbox.panel/_Templates/Example.tab/.panel/_Advanced/.content/icon.png,32,32,RGBA,0,255,261,1,#FF8000,,,334036c70e65f65d04a143e5ae615a6f54ae23e94bf90506c20244cba95fa678
KL&A Tools_dev.tab/05 DevSandbox.panel/_Templates/Example.tab/.panel/_Advanced/.urlbutton/icon.png,32,32,RGBA,0,255,261,1,#FF8000,,,334036c70e65f65d04a143e5ae615a6f54ae23e94bf90506c20244cba95fa678
KL&A Tools_dev.tab/05 DevSandbox.panel/_Templates/_Bundles/OpenProjectFolder-xx.pushbutton/icon.png,32,32,RGBA,0,255,261,1,#FF8000,,,334036c70e65f65d04a143e5ae615a6f54ae23e94bf90506c20244cba95fa678
KL&A Tools_dev.tab/05 DevSandbox.panel/_Templates/_Bundles/dynamo_script-xx.pushbutton/icon.png,32,32,RGBA,0,255,261,1,#FF8000,,,334036c70e65f65d04a143e5ae615a6f54ae23e94bf90506c20244cba95fa678
KL&A Tools_dev.tab/05 DevSandbox.panel/_Templates/_Bundles/invoke_dll_button-xx/icon.png,32,32,RGBA,0,255,261,1,#FF8000,,,334036c70e65f65d04a143e5ae615a6f54ae23e94bf90506c20244cba95fa678
KL&A Tools_dev.tab/05 DevSandbox.panel/_Templates/_Bundles/with_config-xx.pushbutton/icon.png,32,32,RGBA,0,255,261,1,#FF8000,,,334036c70e65f65d04a143e5ae615a6f54ae23e94bf90506c20244cba95fa678
KL&A Tools_dev.tab/05 DevSandbox.panel/_Templates/_Template.pushbutton/icon.dark.png,32,32,RGBA,0,255,261,1,#FF8000,,,334036c70e65f65d04a143e5ae615a6f54ae23e94bf90506c20244cba95fa678
KL&A Tools_dev.tab/05 DevSandbox.panel/_Templates/_Template.pushbutton/icon.png,32,32,RGBA,0,255,261,1,#FF8000,,,334036c70e65f65d04a143e5ae615a6f54ae23e94bf90506c20244cba95fa678
lib/_icons/about_16px_dark.png,16,16,RGBA,0,254,106,1,#1A252B,dark,0,6cefcfe5da48a01cd57c24e3bfff0c1f9e45a2b3dc4b6a3d40061420617c5a18
lib/_icons/about_16px_green.png,16,16,RGBA,0,254,106,1,#33714F,green,0,46ff9c0d6953ba6138014fe5c6a1932c9357cad216a3ba914d13b06a52db8405
lib/_icons/about_16px_light.png,16,16,RGBA,0,254,106,1,#E5E4E2,light,0,e00b3359ba9a2b6b46ac0ac793eb1cda7a89bdeb7f6b3d99878819a19eb3cc81
lib/_icons/about_16px_orange.png,16,16,RGBA,0,254,106,1,#FF8100,orange,0,bcb192cb9b8f2b7e09cf8d7a2bdda8722fa491687a3443edc8171b1951291300
lib/_icons/about_24px_dark.png,24,24,RGBA,0,255,160,1,#1A252B,dark,0,7a1e487204fa757c36e952cd3d0356eb729716a114b0c54328e3549c8d0b5a99
lib/_icons/about_24px_green.png,24,24,RGBA,0,255,160,1,#33714F,green,0,c0b5a61c8bf09b55e1b2cb4829ced712e9fad58166cc30aae3709bef0c8c51ff
lib/_icons/about_24px_light.png,24,24,RGBA,0,255,160,1,#E5E4E2,light,0,b460768bb0b360f3477a568995b43c87f12bd70156a489f9192cb0ffb3e080c4
lib/_icons/about_24px_orange.png,24,24,RGBA,0,255,160,1,#FF8000,orange,0,2d18d8c8e5748adcdd1f95a0919cd123e0a44ad61368267d3420e22d392ea825
lib/_icons/about_32px_dark.png,32,32,RGBA,0,255,271,1,#1A252B,dark,0,c2406e00cd8f507118aef20e63bca4f84f8e2b73f2a7d29ce99595c22426974c
lib/_icons/about_32px_green.png,32,32,RGBA,0,255,271,1,#33714F,green,0,7ba53bbd9007c816f1c346f693192e87629c9f81c3d6bd2633b85c895bdcffdd
lib/_icons/about_32px_light.png,32,32,RGBA,0,255,271,1,#E5E4E2,light,0,182066cdd2d23e67909ed64f0c9d06daf4ac261b6610aff705ef6b7b24898ad6
lib/_icons/about_32px_orange.png,32,32,RGBA,0,255,271,1,#FF8000,orange,0,790dd8d9c186475b2148a66e5eb466377d825560778be504274e5e662dd97ccd
lib/_icons/about_96px_dark.png,96,96,RGBA,0,255,1926,2,#1A252B,dark,0,3a3579fd8316ec958223b976b428e9a178dd72fcbe0d1a1971077f72c6c92579
lib/_icons/about_96px_green.png,96,96,RGBA,0,255,1926,1,#33714F,green,0,bf1c0ae7ab7504aaeafefeb37e978ed8c920cb1f4dfca912baf0f346c70e2244
lib/_icons/about_96px_light.png,96,96,RGBA,0,255,1926,1,#E5E4E2,light,0,95659158232673928997cfad0e8842095c745fd32aa8830c85d9e0ccde6bda3a
lib/_icons/about_96px_orange.png,96,96,RGBA,0,255,1926,2,#FF8000,orange,0,260d5a53b2abea1b853baa3fbe398fea58b3f82149c3e4ba3a46878169b99856
lib/_icons/brain_16px_dark.png,16,16,RGBA,0,255,98,1,#1A252B,dark,0,e4310da653a8aad3f4f1ab5425637d60cc834e26899b84939aaedec28d6289c6
lib/_icons/brain_16px_green.png,16,16,RGBA,0,255,98,1,#33714F,green,0,3098e736447a3ba35087a7bfbacf37169debaae6d1528386502f2d095027b0ae
lib/_icons/brain_16px_light.png,16,16,RGBA,0,255,98,1,#E5E4E2,light,0,2acda2e435284d69fc88b26e7845e563542501fc4248cd9e7ae9b57818efe42e
lib/_icons/brain_16px_orange.png,16,16,RGBA,0,255,98,1,#FF8000,orange,0,3ea7ce71c0e09a612959675affff58c497bb0e129fdf5fe30089d8206c759957
lib/_icons/brain_24px_dark.png,24,24,RGBA,0,255,188,1,#1A252B,dark,0,ea5c167c34834f091c7270d62caf038290ca8715233705607b67ce46a3528f89
lib/_icons/brain_24px_green.png,24,24,RGBA,0,255,188,1,#33714F,green,0,0ff1c719176f4d78c1e3234fa78fe7c181b98ca2b3b6615151e63750eb7761af
lib/_icons/brain_24px_light.png,24,24,RGBA,0,255,188,1,#E5E4E2,light,0,739594d17278a061d2aeffafd9729b9002b214b2eb55151291d147d8f59cd3c4
lib/_icons/brain_24px_orange.png,24,24,RGBA,0,255,188,1,#FF8000,orange,0,2cd67e3e09117812f8e55da1e8c6d94912462cdccca47c98116f4ac20956c61d
lib/_icons/brain_32px_dark.png,32,32,RGBA,0,255,282,1,#1A252B,dark,0,ae33cde486c95ff23d4a249f89e794146ec5f7560fb3e83fcf7690a33802675a
lib/_icons/brain_32px_green.png,32,32,RGBA,0,255,282,1,#33714F,green,0,d4a89c95d0cbba5d2cd36f93ef871547aa78719a7442a97e9427dfc509c5b910
lib/_icons/brain_32px_light.png,32,32,RGBA,0,255,282,1,#E5E4E2,light,0,50e5a87102bf0a844124a4b52ea7521391670b6f15e6b1fe27e76243870fc346
lib/_icons/brain_32px_orange.png,32,32,RGBA,0,255,282,1,#FF8000,orange,0,b94ac24bddc1e10e1db0b5bc74a0e058c9e91242d0291025e2f03b00a48b1d1d
lib/_icons/brain_96px_dark.png,96,96,RGBA,0,255,2137,1,#1A252B,dark,0,b2a8338463811fd3189be7a712031006dd8400d39ed81e35d29d3ba472bc59e5
lib/_icons/brain_96px_green.png,96,96,RGBA,0,255,2137,1,#33714F,green,0,f72b19cef5a06ada11e273eb135a39aa75c9858afc33cd07d4259c600d2c4b96
lib/_icons/brain_96px_light.png,96,96,RGBA,0,255,2137,1,#E5E4E2,light,0,542bd25af059f76abf53c0981b0a2581b52cf07a702cd885f80c1364856d86c6
lib/_icons/brain_96px_orange.png,96,96,RGBA,0,255,2137,1,#FF8000,orange,0,5fe7184fd889e7f9655e6e53760fe3aee132340d3b89c93432dc52f6103dcd60
lib/_icons/button1_16px_dark.png,16,16,RGBA,0,255,144,7,#1A252B,dark,26,a8b1781b46677b8bdac66c4887a6126e1e89c420af84bc4730b01c5a0bbc4ac3
lib/_icons/button1_16px_green.png,16,16,RGBA,0,255,144,7,#33714F,green,26,2006f1a4430267f7dab13a14afef6e22209923a104c153f57f2f851251f04595
lib/_icons/button1_16px_light.png,16,16,RGBA,0,255,144,7,#E5E4E2,light,26,987014e766665085e68e0bf15ad0404658356039f0448a04684daffe43bce258
lib/_icons/button1_16px_orange.png,16,16,RGBA,0,255,144,7,#FF8000,orange,26,8d91230a723f57cbc1424ac15ffc9e34e716c4c0771a710c76a134af8aa92920
lib/_icons/button1_24px_dark.png,24,24,RGBA,0,255,324,8,#1A252B,dark,42,c09efb2c164d0b645cc299feb2eecde0135b60cd6bc8d4350b02f9be2ae9e1d9
lib/_icons/button1_24px_green.png,24,24,RGBA,0,255,324,8,#33714F,green,42,a8a5e46143d92c905297a661e8992a8cd693c5efbba0a7f8ef155db0a9467b2a
lib/_icons/button1_24px_light.png,24,24,RGBA,0,255,324,8,#E5E4E2,light,42,62923fc441283b88145db8fafc79d1b4293a90471c9113838f482656d52edd40
lib/_icons/button1_24px_orange.png,24,24,RGBA,0,255,324,8,#FF8000,orange,42,e94ff0ebbbcd62a15b85e0171f57c54066c4e5a3d047acade7538a8c718d3d11
lib/_icons/button1_32px_dark.png,32,32,RGBA,0,255,576,6,#1A252B,dark,70,06244642ffceec65b0973156a547501c56d8d55ac80038c50069fc46f111eeec
lib/_icons/button1_32px_green.png,32,32,RGBA,0,255,576,6,#33714F,green,70,131f4d5ff3e068397be0da4dfe48c0fe5e491fa7236ff91c238fcbc4a9d66a5f
lib/_icons/button1_32px_light.png,32,32,RGBA,0,255,576,6,#E5E4E2,light,70,2a3d16900387f398b424e91c66b7339fd165371ac9000e4c52d6251c0a146e97
lib/_icons/button1_32px_orange.png,32,32,RGBA,0,255,576,6,#FF8000,orange,70,bfc2701289b7d35bde549e5f470d62a32a43ceaff5ee50ee969b5a611faf699c
lib/_icons/button1_96px_dark.png,96,96,RGBA,0,255,5152,6,#1A252B,dark,543,4c6114c1395b890564b23661c604059ba02eac9de148fc3484636bba5e617292
lib/_icons/button1_96px_green.png,96,96,RGBA,0,255,5152,6,#33714F,green,543,2097b3d3bb579bb18267814d751678177cd5d891394685de250a00ebecd83087
lib/_icons/button1_96px_light.png,96,96,RGBA,0,255,5152,6,#E5E4E2,light,543,19b107366841b362fe99398e935ef9945289c6c4c8805a7dfded1909b248b5fb
lib/_icons/button1_96px_orange.png,96,96,RGBA,0,255,5152,6,#FF8000,orange,543,128aa089fabbe3ca463c8057b39bceb741a7c8980fe086ac39ff0a787c16703e
lib/_icons/button2_16px_dark.png,16,16,RGBA,0,255,144,30,#1A252B,dark,50,bf30f188a7a6a27d9687f801ee40ea9ba2cb32bbf268f00e23f1dd93eb78c0a2
lib/_icons/button2_16px_green.png,16,16,RGBA,0,255,144,30,#33714F,green,49,15fc3e1a630f8733554aa3fd07d5e822816a4750f4dc892446f8f31a76f25bad
lib/_icons/button2_16px_light.png,16,16,RGBA,0,255,144,30,#E5E4E2,light,50,dd4fb6db7a7894a01e5345ea3da02cdb0b6b7a510f09305aa3ed4e8f90cab76d
lib/_icons/button2_16px_orange.png,16,16,RGBA,0,255,144,30,#FF8000,orange,50,54a794151194cb025d35996145c31ecf015dca2c83e317e29eb9cda402254b86
lib/_icons/button2_24px_dark.png,24,24,RGBA,0,255,324,35,#1A252B,dark,114,f3812f3225ad08b9dc6d1e0f64a43cc3daf3d66cb3f27dae9ebb5db453f323fc
lib/_icons/button2_24px_green.png,24,24,RGBA,0,255,324,35,#33714F,green,114,9efaddca79130a62f24765f2ce61d59ee95377b7470f48dbab4c673e75dffa25
lib/_icons/button2_24px_light.png,24,24,RGBA,0,255,324,35,#E5E4E2,light,114,eb69ebda9820c96da8118ba36b0ada080d7989db072365470f36515df9a5d353
lib/_icons/button2_24px_orange.png,24,24,RGBA,0,255,324,34,#FF8000,orange,114,bb0128f07d64f74b1b54fe5a09ead9f6e719c830aea48ede3270c52ee1b419c1
lib/_icons/button2_32px_dark.png,32,32,RGBA,0,255,576,43,#1A252B,dark,166,173c84edb61104bd275550362363e93faef7f46570a704c50db2867305054f8d
lib/_icons/button2_32px_green.png,32,32,RGBA,0,255,576,43,#33714F,green,166,7d5d2c96771ba18fc12ae7b0692b6f1fa5335834de99c14d662762216a3f3d52
lib/_icons/button2_32px_light.png,32,32,RGBA,0,255,576,43,#E5E4E2,light,166,879fe3d9a0c0d295b6b782f56f91c03afb6c655c92cc5831755b9bd48cd3e802
lib/_icons/button2_32px_orange.png,32,32,RGBA,0,255,576,43,#FF8000,orange,166,ed9345dd3d7af0733cdcb5dd82df081b34526629d13d0789925546ece6cdb4c5
lib/_icons/button2_96px_dark.png,96,96,RGBA,0,255,5152,85,#1A252B,dark,1324,53e2cdefa4fffb286e987daa6b027387c9bb849d6e667e01d2dd090883e967bd
lib/_icons/button2_96px_green.png,96,96,RGBA,0,255,5152,84,#33714F,green,1324,d6115f4698558b79ffd8eb9468b9c4e8e9b013e2a4d29f7ddbae2402f58da035
lib/_icons/button2_96px_light.png,96,96,RGBA,0,255,5152,85,#E5E4E2,light,1324,892cb7188e553d6667a5e413e6ca743ef03e006972c6af5d803ae24d490ec5f7
lib/_icons/button2_96px_orange.png,96,96,RGBA,0,255,5152,85,#FF8000,orange,1326,efa54550ffb83b76c3f3ad694041e5c0862bb8f1213421501a11a71c2c4f0176
lib/_icons/button3_16px_dark.png,16,16,RGBA,0,255,144,18,#1A252B,dark,53,80038913039fa77daffb9f9f591789d9cf6ce42145e8883de4ed7dd249658254
lib/_icons/button3_16px_green.png,16,16,RGBA,0,255,144,18,#33714F,green,50,bd57974c5718da417b9bf07893d1daef1806ede06742df5da586b7a894efff61
lib/_icons/button3_16px_light.png,16,16,RGBA,0,255,144,18,#E5E4E2,light,53,41b58645ec32e1b2ecad8481f7a873e4e30fbf7ab366a9a56faab7cdda6e4089
lib/_icons/button3_16px_orange.png,16,16,RGBA,0,255,144,18,#FF8000,orange,54,870b3433b1744e067f878c91dfd3339197d689a049d263bfb37067392ca05c9a
lib/_icons/button3_24px_dark.png,24,24,RGBA,0,255,324,21,#1A252B,dark,114,3362972f307e1cdcacdbd98e1c686996a2398ee5bea81772aeaf27616817eef1
lib/_icons/button3_24px_green.png,24,24,RGBA,0,255,324,21,#33714F,green,114,f1ae2c3dd8f9558c016482ae631a8427dbe4b46c5635ff77eca57beec66b3a69
lib/_icons/button3_24px_light.png,24,24,RGBA,0,255,324,21,#E5E4E2,light,114,923b5ac9d5c07a18ed2cbdad6993696cd3b00ee56a838cf57c38ca63557cf87f
lib/_icons/button3_24px_orange.png,24,24,RGBA,0,255,324,21,#FF8000,orange,114,7f2a3fe4b7ec0ec5e9fdec297ea885b4574bfef47bda4b16bf7a6ad4771a3d34
lib/_icons/button3_32px_dark.png,32,32,RGBA,0,255,576,25,#1A252B,dark,162,0909c3c95540948e9d3caa3eee05e1875471b3bd24b275c9d5e31ad019f28b1d
lib/_icons/button3_32px_green.png,32,32,RGBA,0,255,576,25,#33714F,green,162,f6c2df4ca1280ad4001c3d03bfa6178d29804ce98c0ec5a1538fac269fe00652
lib/_icons/button3_32px_light.png,32,32,RGBA,0,255,576,25,#E5E4E2,light,162,1bd1fbae43bcae1c275fa820b412b1cb3d83f0ab5fe39884740f92b09ea93c38
lib/_icons/button3_32px_orange.png,32,32,RGBA,0,255,576,25,#FF8000,orange,162,19c41e199af27024c813e468bda2611422b7cb09f69f07136008a3c3d9e07bb5
lib/_icons/button3_96px_dark.png,96,96,RGBA,0,255,5152,63,#1A252B,dark,1299,8309e14a4b5a6a37927f73fa4c16ebb442a04f7d43382db94659cbf7df2d55c9
lib/_icons/button3_96px_green.png,96,96,RGBA,0,255,5152,61,#33714F,green,1298,e1870bd15f82c70497bae176c96e781ead02e1779ecb458518c8f453f02f06fb
lib/_icons/button3_96px_light.png,96,96,RGBA,0,255,5152,63,#E5E4E2,light,1299,dc8f741e64ef6e54d5bb13343f8843b0aa6bdf55c5d4b6f8b534c4c77aea5669
lib/_icons/button3_96px_orange.png,96,96,RGBA,0,255,5152,63,#FF8000,orange,1300,2aa402172c43fb5767898fec05e3c23f2be196c374f1a2dcf6379bf57198b47b
lib/_icons/button_16px_dark.png,16,16,RGBA,0,255,144,3,#1A252B,dark,64,14503ab9e2a13914ffcef87291f779d94a1eca6e65569158aa849052b18ec297
lib/_icons/button_16px_green.png,16,16,RGBA,0,255,144,3,#33714F,green,64,82e825532f9cb56e44651eb340e8c4e5009369b101f28d33acb97f8d70ea4697
lib/_icons/button_16px_light.png,16,16,RGBA,0,255,144,3,#E5E4E2,light,64,dbf0e8e4c09e4430fe3c15eafbe5599d0db7d489e0f3b0255df61daeba6705b9
lib/_icons/button_16px_orange.png,16,16,RGBA,0,255,144,3,#FF8000,orange,64,d27e8eff5a4ef05347e71b5ba1538cf70fab077fe0d870381be74e310ac589ac
lib/_icons/button_24px_dark.png,24,24,RGBA,0,255,324,6,#1A252B,dark,144,c6909c76d438d2f3c246e2efbb9008669cf5509e70dce2e4396d7298744f190a
lib/_icons/button_24px_green.png,24,24,RGBA,0,255,324,6,#33714F,green,144,6345329790ea7803bc0656f45508e7e7d2b115af78fbbe830f84e6ef1e8919fb
lib/_icons/button_24px_light.png,24,24,RGBA,0,255,324,6,#E5E4E2,light,144,26c5543d0c7318bdcb71ebd890e330d14a2db586e305fca764ed677b58ab543e
lib/_icons/button_24px_orange.png,24,24,RGBA,0,255,324,6,#FF8000,orange,144,e66c091932eafe58ee23750ce41669164e7c8fd014b4be43099a9ec6a0dfaad6
lib/_icons/button_32px_dark.png,32,32,RGBA,0,255,576,7,#1A252B,dark,256,1f5294003f767f18e13f57543a8009c75abd9153a381962e74b0c8c81b25b64a
lib/_icons/button_32px_green.png,32,32,RGBA,0,255,576,7,#33714F,green,256,60ab86752353c615c32d88d40fb1a9e922351f78e76da786c38e79400784ca0f
lib/_icons/button_32px_light.png,32,32,RGBA,0,255,576,7,#E5E4E2,light,256,74523b0155650cdf6983a817ace7ab0734633ae77117b064b24e402046cdbad8
lib/_icons/button_32px_orange.png,32,32,RGBA,0,255,576,7,#FF8000,orange,256,e8e1656cf0e1c26f3aae86bdfd4a4506daed0af9a9067f995e72728441e83a50
lib/_icons/button_96px_dark.png,96,96,RGBA,0,255,5152,20,#1A252B,dark,2292,e25d606be3756e9f177583b49eecef072b7aac2af90b59ec4ff414b77f1c79a3
lib/_icons/button_96px_green.png,96,96,RGBA,0,255,5152,20,#33714F,green,2292,ed24f8a38c70eb590a3190bda378ce4e96681113841a69982038cc2422012c8a
lib/_icons/button_96px_light.png,96,96,RGBA,0,255,5152,20,#E5E4E2,light,2292,9a4a5a8d881ac0ce8649229b5b161826f3337c6c24c09d1a420ac1601e42ac59
lib/_icons/button_96px_orange.png,96,96,RGBA,0,255,5152,19,#FF8000,orange,2292,369d9ffc53fe82c2f3a4159c8a696064a76361ab8bf3ad09affbb4e619019424
lib/_icons/buttonpulldown_16px_dark.png,16,16,RGBA,0,255,144,16,#1A252B,dark,26,116c6340bd2f5f03fbb25c1c9d315ef9a3f9a04524b5b11a686c87b55367f7a1
lib/_icons/buttonpulldown_16px_green.png,16,16,RGBA,0,255,144,16,#33714F,green,25,10a99a7d0fd2f6ade70b9d6936e224c081f73ba134f9e7178256207c65a1aa37
lib/_icons/buttonpulldown_16px_light.png,16,16,RGBA,0,255,144,16,#E5E4E2,light,26,8892d8c1cf5871022f63dccbd0e4778bd26c8412a2fb79a23badc4366d04f099
lib/_icons/buttonpulldown_16px_orange.png,16,16,RGBA,0,255,144,15,#FF8000,orange,30,49d746bc99a68d12172da75146cca15d6cd408633cdcef7908edeb6ef484ef56
lib/_icons/buttonpulldown_24px_dark.png,24,24,RGBA,0,255,324,14,#1A252B,dark,46,56cb75eb5130f24ced89d543a275733cfac602c85b008f3a2c46e21095db4404
lib/_icons/buttonpulldown_24px_green.png,24,24,RGBA,0,255,324,14,#33714F,green,46,980e6575c8f1f0dfed35160e1f976e3464a5b41445b3d178c8632a9f9cf6001e
lib/_icons/buttonpulldown_24px_light.png,24,24,RGBA,0,255,324,14,#E5E4E2,light,46,ea127f1f894749cd01ace0bebb68005c13fa6fe4da624a375567cf9284bf7840
lib/_icons/buttonpulldown_24px_orange.png,24,24,RGBA,0,255,324,14,#FF8000,orange,46,98e438f88501c60f76d94b86b2580f24a34f34d1acf23ca6590896b62e45d440
lib/_icons/buttonpulldown_32px_dark.png,32,32,RGBA,0,255,576,18,#1A252B,dark,77,497541b7ed6dba2df94daa3a752ff5d3a63c71e26a924c9e53932ffa8f9aeb04
lib/_icons/buttonpulldown_32px_green.png,32,32,RGBA,0,255,576,18,#33714F,green,74,b168396a4e1384a78e59999d0dd29eb6acef2445ecbed3cb434be65409ce7004
lib/_icons/buttonpulldown_32px_light.png,32,32,RGBA,0,255,576,18,#E5E4E2,light,77,9deb9a6020cab597aa6563c1bf8e846fb5e57c58b671ba846ea88aa868e9f433
lib/_icons/buttonpulldown_32px_orange.png,32,32,RGBA,0,255,576,18,#FF8000,orange,77,50eec6b5bc0854674ec38fd94e9512a635978de9c1c6f08bafc9b5a7ebb0dc30
lib/_icons/buttonpulldown_96px_dark.png,96,96,RGBA,0,255,5152,31,#1A252B,dark,574,db1a7d0c5cd1622b0d46de3154983eb3b0141d9b3bf8de80c5492b6a76e7bb36
lib/_icons/buttonpulldown_96px_green.png,96,96,RGBA,0,255,5152,31,#33714F,green,572,6b37ab430f2649147c920fc6d6368656876c1a650da21055f4563a551096d5d3
lib/_icons/buttonpulldown_96px_light.png,96,96,RGBA,0,255,5152,31,#E5E4E2,light,574,7cfe510f7807dcbb29ad0ddd77371e7baae731f15702eb5f64cd7211f0363c4b
lib/_icons/buttonpulldown_96px_orange.png,96,96,RGBA,0,255,5152,31,#FF8000,orange,574,8d4c6ac6792ce8963d1f4d227f80c1fe44f7bb9b0692770b18098b8a6d113396
lib/_icons/buttonsolid_16px_dark.png,16,16,RGBA,0,255,144,1,#1A252B,dark,0,7689c4cc21ee0a1e11c29d35e174593bd4c670c800a22a0434146bbfa19d0f36
lib/_icons/buttonsolid_16px_green.png,16,16,RGBA,0,255,144,1,#33714F,green,0,4494fcf2ba55a1aec7fd0fd444cc8d31ea09521d1a125ed9df39d2f4dc8beffb
lib/_icons/buttonsolid_16px_light.png,16,16,RGBA,0,255,144,1,#E5E4E2,light,0,d53c7625effc62f64f85c43a8f8a092018e1d7e444c9b1ca43ec64c1e0c89d43
lib/_icons/buttonsolid_16px_orange.png,16,16,RGBA,0,255,144,1,#FF8000,orange,0,e6ab1ea5a2b04aac954ded821b36773b19cc2b6bf88921e8bbd1dd4b6a3ab74c
lib/_icons/buttonsolid_24px_dark.png,24,24,RGBA,0,255,324,1,#1A252B,dark,0,39d79636b5e39a6b5eb7a3dfb3621c281e57d93c7b2b4fc5fa94a803ff4f7ef8
lib/_icons/buttonsolid_24px_green.png,24,24,RGBA,0,255,324,1,#33714F,green,0,b80ecefafb915eff6188f16069bf37e0f3b5bd57a6139a19fbba310c7891093d
lib/_icons/buttonsolid_24px_light.png,24,24,RGBA,0,255,324,1,#E5E4E2,light,0,4a711e71d113f1692990b491d63a02814b72e2da5e53b647721ce781836437a2
lib/_icons/buttonsolid_24px_orange.png,24,24,RGBA,0,255,324,1,#FF8000,orange,0,cc0cbee0de63ab3c34e262fe5ff74ec03f2e906acd20f5c80e8a1d119f277bd0
lib/_icons/buttonsolid_32px_dark.png,32,32,RGBA,0,255,576,1,#1A252B,dark,0,f0faa075e237ad70a3744c9f50aa1c6d7cfa7d4197992362c417ace6a96d4a65
lib/_icons/buttonsolid_32px_green.png,32,32,RGBA,0,255,576,1,#33714F,green,0,a5229ca20b3941e92430a633f04c08df9b97ec10a6b40801f79553b45bca685a
lib/_icons/buttonsolid_32px_light.png,32,32,RGBA,0,255,576,1,#E5E4E2,light,0,b4184e767d44009770c99b49f1f6843cde0206988fd8c41e4c13c233e615d8ac
lib/_icons/buttonsolid_32px_orange.png,32,32,RGBA,0,255,576,1,#FF8000,orange,0,d304ac922cf396dbfaa18cacd2913b43ed574322ea6ff16acd1dddce5c5cbed2
lib/_icons/buttonsolid_48px_green.png,48,48,RGBA,0,255,1292,1,#33714F,green,0,9b156cbbc33b5b2f3bf3bff5b4a2d1f5394f9401b395e70c744bde66a99c9bce
lib/_icons/buttonsolid_96px_dark.png,96,96,RGBA,0,255,5152,1,#1A252B,dark,0,4ae5b4e77c72486415fa199f000d4754ecdd2583d300f8c039671e223aaccc10
lib/_icons/buttonsolid_96px_green.png,96,96,RGBA,0,255,5152,1,#33714F,green,0,7cdb58471c7e5440318f7d0fb7b5ad54614b66adf2d21020542dba66b8c850eb
lib/_icons/buttonsolid_96px_light.png,96,96,RGBA,0,255,5152,1,#E5E4E2,light,0,b350c6fe574776783aa7685517ecd752ca9ad158df0cdae30124a1c1effce049
lib/_icons/buttonsolid_96px_orange.png,96,96,RGBA,0,255,5152,1,#FF8000,orange,0,583177412594735954d417b1d0105f614b246b4dc5a218e866962d585b681afc
lib/_icons/circle_16px_dark.png,16,16,RGBA,0,255,104,1,#1A252B,dark,0,6a8e4e79fef3b0e64ef1bd045642ca260864ffb37e913fa9764ae2365dc0c7fe
lib/_icons/circle_16px_green.png,16,16,RGBA,0,255,104,1,#33714F,green,0,403dd66644197fd56e25ec8f2745e996cc342d25dd930ed5081f24e1a4eb4fe2
lib/_icons/circle_16px_light.png,16,16,RGBA,0,255,104,1,#E5E4E2,light,0,48bfd1be6578b6fc4ff7fb53f8e7904f942ceeaa457b2414f14fe30801830fb0
lib/_icons/circle_16px_orange.png,16,16,RGBA,0,255,104,1,#FF8000,orange,0,a526a829b2d1163344538eac327e18c41bb7f20d0d1705950e071a45f2a99c5e
lib/_icons/circle_24px_dark.png,24,24,RGBA,0,255,192,2,#1A252B,dark,0,95f66cb65bc58198ceae2d036365adfd8bdb2398603f746fbccd2489c6b15fae
lib/_icons/circle_24px_green.png,24,24,RGBA,0,255,192,1,#33714F,green,0,0de0e7f5887afbaecc39ecb1cd1a3c753f6143e4ab71909054a89224787ed89d
lib/_icons/circle_24px_light.png,24,24,RGBA,0,255,192,1,#E5E4E2,light,0,83044d7afb290f2b93d9e97331fa4d141a3d7bd77a783b9b703d4fe0afe1cf12
lib/_icons/circle_24px_orange.png,24,24,RGBA,0,255,192,2,#FF8000,orange,0,c7137d9e6b74a9ce088d51f7447ebb6e9989a292ed6ad14b22827416b975ce7b
lib/_icons/circle_32px_dark.png,32,32,RGBA,0,255,316,1,#1A252B,dark,0,7ea97b601d98c0a2aef240d3897a42f3df0ebc594651b8d095ba4a0c87de8081
lib/_icons/circle_32px_green.png,32,32,RGBA,0,255,316,1,#33714F,green,0,56f46c2f0cff1480d6d2f3cec8d5db815fd3a6f37efd2201ee99532a59963850
lib/_icons/circle_32px_light.png,32,32,RGBA,0,255,316,1,#E5E4E2,light,0,09f04fe5fffb9fa130c19044aada9817c3f6f8c4103e46d2e4b93164bcb11ace
lib/_icons/circle_32px_orange.png,32,32,RGBA,0,255,316,1,#FF8000,orange,0,f192306bedcfadb0fc425c2ac9a9bbafef073a4373e146d2bb30bb60b521acd6
lib/_icons/circle_96px_dark.png,96,96,RGBA,0,255,2240,1,#1A252B,dark,0,4de2429b3257ac38b8494fdc5d1e15b4b0478b00eb3d190bbc006bdd766af96b
lib/_icons/circle_96px_green.png,96,96,RGBA,0,255,2240,1,#33714F,green,0,ba899a1dd0196cbc501417e4d316bf52fce6c01533ce0a637c154c979ca08d02
lib/_icons/circle_96px_light.png,96,96,RGBA,0,255,2240,1,#E5E4E2,light,0,a6090f11b42bff34b79f9f5fc33202884803b9f1573abe3143a78de040baa680
lib/_icons/circle_96px_orange.png,96,96,RGBA,0,255,2240,2,#FF8000,orange,0,2d307a1b59f3bf28370a9027a75954900abbd1cd042a0bbf54e118dbb0bb3a34
lib/_icons/cone_16px_dark.png,16,16,RGBA,0,255,87,1,#1A252B,dark,0,98f5aedb13299cf529b80a39973f3610bb384b405b6799152c6a8fd9c0767c9f
lib/_icons/cone_16px_green.png,16,16,RGBA,0,255,87,1,#33714F,green,0,9fe7dc97a110efa62b7e35cc6191be9974de2796bb52fefd2e25907b1c1063c4
lib/_icons/cone_16px_light.png,16,16,RGBA,0,255,87,1,#E5E4E2,light,0,4dab5ef24c93d14dcfe806a2e018b04c2465ca2e4dd13e2a36549ae298b5e0cc
lib/_icons/cone_16px_orange.png,16,16,RGBA,0,255,87,1,#FF8000,orange,0,74fd8e69e5fed71b657d0dcb64f912f540e1d9f1f0a32fbc48a73065ec387b6d
lib/_icons/cone_24px_dark.png,24,24,RGBA,0,255,160,1,#1A252B,dark,0,8457f5087ce5d97089c1d92626f293165af5b8cd1a21aa8d2d347533ac6ce829
lib/_icons/cone_24px_green.png,24,24,RGBA,0,255,160,1,#33714F,green,0,0d06a2862122d65493d2875a22657fc9ddf9ad4b745363e5c63f1828bbb1c02c
lib/_icons/cone_24px_light.png,24,24,RGBA,0,255,160,1,#E5E4E2,light,0,ddb086b8bdfd4c29ea132e1cef2ea855f979428766c7a4725140b0bac0bc98e7
lib/_icons/cone_24px_orange.png,24,24,RGBA,0,255,160,1,#FF8000,orange,0,d96a622a5c1c16c32a894210911fea4b23ef7a2fc933539875fd21173b1c0787
lib/_icons/cone_32px_dark.png,32,32,RGBA,0,255,261,1,#1A252B,dark,0,28f794cea7e368dfc2e5fd6758033638ba2fb3336bc8ded044133dbf7e8f6711
lib/_icons/cone_32px_green.png,32,32,RGBA,0,255,261,1,#33714F,green,0,1f6fbd6dc9f20258ed87229d8015ca6dc535b21e117e83388d4c62134b270788
lib/_icons/cone_32px_light.png,32,32,RGBA,0,255,261,1,#E5E4E2,light,0,63941e2d70470a94385fffb746a0a63d9e4a1bdb6bf173db0ad08365b20739fa
lib/_icons/cone_32px_orange.png,32,32,RGBA,0,255,261,1,#FF8000,orange,0,334036c70e65f65d04a143e5ae615a6f54ae23e94bf90506c20244cba95fa678
lib/_icons/cone_96px_dark.png,96,96,RGBA,0,255,1936,1,#1A252B,dark,0,e2e0fc30a5a12c02d8d8b31473372146e6011ef7a95f1aadd4100896c6beae22
lib/_icons/cone_96px_green.png,96,96,RGBA,0,255,1936,1,#33714F,green,0,521340a24909a6a4b847d3ab78741f35742e0921a5243fe126e78bacbc640b51
lib/_icons/cone_96px_light.png,96,96,RGBA,0,255,1936,1,#E5E4E2,light,0,fbd1c3647c2d4b94080cec53e46a5c5e1bf2a4f3b6dd92d7f0815a9312fbd075
lib/_icons/cone_96px_orange.png,96,96,RGBA,0,255,1936,1,#FF8000,orange,0,f26e9c764c617196a59d68fb5009245837e6a9fb754bac4bdd7dbc56ceb979b2
lib/_icons/copylegend_16px_dark.png,16,16,RGBA,0,255,90,1,#1A252B,dark,0,4c25a43b347f287ff8ec3886601cb6391c57717827d19adc6a9ab817563a6950
lib/_icons/copylegend_16px_green.png,16,16,RGBA,0,255,90,1,#33714F,green,0,456f30c90888edc7468e1b9f4f8b16a1542d8a5319907f2ebc0e15ce9e8edfc9
lib/_icons/copylegend_16px_light.png,16,16,RGBA,0,255,90,1,#E5E4E2,light,0,81139a0649d30f33db843217b48563571df8d5a9b566749510130c3d2f9e98f8
lib/_icons/copylegend_16px_orange.png,16,16,RGBA,0,255,90,1,#FF8000,orange,0,df8e90f963571fbf397d42fc5cef29dee7be3172738af123650fb01e3a73672e
lib/_icons/copylegend_24px_dark.png,24,24,RGBA,0,255,181,1,#1A252B,dark,0,40c96665ef7f9ff77b9b0aa459ed4bd04cc42bbc90fcd818ae9cb75a41a7f206
lib/_icons/copylegend_24px_green.png,24,24,RGBA,0,255,181,1,#33714F,green,0,7a28f3f4ac556771d18a9878c1921fcc2262bded8ff9e30a8df5ec8a26ca875e
lib/_icons/copylegend_24px_light.png,24,24,RGBA,0,255,181,1,#E5E4E2,light,0,9f3a4f812679d825573481902daf42378c3282e3718f53077548135354e7d0fb
lib/_icons/copylegend_24px_orange.png,24,24,RGBA,0,255,181,1,#FF8000,orange,0,2c7d8aa53de950b56bfc20a452289873b4f17a0ab2bc303e218b70d9cbc8fd19
lib/_icons/copylegend_32px_dark.png,32,32,RGBA,0,255,313,1,#1A252B,dark,0,85397fe9755c8d48b84d2374746866b2edf60ac01e77481c1f75df526fd7ade9
lib/_icons/copylegend_32px_green.png,32,32,RGBA,0,255,313,1,#33714F,green,0,7dca3e3b87841bf99e4833b1443787b49781f41f1e2e449636826d589ef7df67
lib/_icons/copylegend_32px_light.png,32,32,RGBA,0,255,313,1,#E5E4E2,light,0,a8ce58c89982f156c891badd18eb591cf923da77d7ab814ac0b17708af1ede89
lib/_icons/copylegend_32px_orange.png,32,32,RGBA,0,255,313,1,#FF8000,orange,0,e79be0b1e622006ffff4fd60015e96983bae7843443742baf91905287ff3aa5c
lib/_icons/copylegend_96px_dark.png,96,96,RGBA,0,255,2229,1,#1A252B,dark,0,fed71bfcb4387f29a3cd7d705b12e653508d441d5e5526d31c562d54900bb94c
lib/_icons/copylegend_96px_green.png,96,96,RGBA,0,255,2229,1,#33714F,green,0,ee1c554f4bf33e994b4442ebfd497b948ca392ffc0070358bbbf3ea7f7102065
lib/_icons/copylegend_96px_light.png,96,96,RGBA,0,255,2229,1,#E5E4E2,light,0,c2c0c079344b3b71fb198f3ddf753f46d2773f804171cf70d52bf4883e7da609
lib/_icons/copylegend_96px_orange.png,96,96,RGBA,0,255,2229,1,#FF8000,orange,0,2ec11c9d6b62304563c6b1b5890aed3882778aef5f3eab72a4ee99ee3dc058f2
lib/_icons/darth_96px_dark.png,96,96,RGBA,0,255,3376,1,#1A252B,dark,0,33d40267cab2858077c2908ec2b5bff2c73d13d188f9de83860f964959cb3cff
lib/_icons/darth_96px_green.png,96,96,RGBA,0,255,3376,1,#33714F,green,0,0a96d7792925f457ca5d194988727d026f4c9bdb127ccd9bf527f6c8f1d85331
lib/_icons/darth_96px_light.png,96,96,RGBA,0,255,3376,1,#E5E4E2,light,0,52b8e19ec0c44516e0a2c1c4126c1618468a49ef7dbe4082adc82ddad197a9c0
lib/_icons/darth_96px_orange.png,96,96,RGBA,0,255,3376,1,#FF8000,orange,0,4bbaf9aa4e9cfa4a1285cc4986ebddaba8a66bf71a3a234e2a3a64e3494a0b3f
lib/_icons/deathstar_96px_dark.png,96,96,RGBA,0,255,4380,1,#1A252B,dark,0,fc1182a1ffa28cc792e557b6962ed12da9ada92ea5ed82ce4bcd57631a5f7c25
lib/_icons/deathstar_96px_green.png,96,96,RGBA,0,255,4380,1,#33714F,green,0,fc95ec63c7783ffdc452f4507cb02c67652a178397999c6b17144eed683fdee7
lib/_icons/deathstar_96px_light.png,96,96,RGBA,0,255,4380,1,#E5E4E2,light,0,13b77c6be3cf2a9a7ef79f9945faded17ced9b972b76454c05861d64687803be
lib/_icons/deathstar_96px_orange.png,96,96,RGBA,0,255,4380,1,#FF8000,orange,0,dcaed3d7b9b5d2b5e4ca0b2dc838ad7e7212214ea66a0618ebf53712c5139654
lib/_icons/drill_16px_dark.png,16,16,RGBA,0,255,82,1,#1A252B,dark,0,85b88fb9943c66a9ac2dc0c2c0a60d9677dedfb889fa7401529800679893cd8e
lib/_icons/drill_16px_green.png,16,16,RGBA,0,255,82,1,#33714F,green,0,3cd50128938756bdb43050091517e191e70ce2e0611e18bb7fff6c57614b8c1d
lib/_icons/drill_16px_light.png,16,16,RGBA,0,255,82,1,#E5E4E2,light,0,5b54b3e6e6e038169bfd60b3b4992c0fb2fa3979094716fbad81372bf2a1eee6
lib/_icons/drill_16px_orange.png,16,16,RGBA,0,255,82,1,#FF8000,orange,0,b4caebce01aeb06573d0c128ac9379894c47b458ddd84e599d4df5694c24d501
lib/_icons/drill_24px_dark.png,24,24,RGBA,0,255,188,1,#1A252B,dark,0,cf93a8a3bac036e0c37a334c27b4c332b756821015793c0794088612fca22584
lib/_icons/drill_24px_green.png,24,24,RGBA,0,255,188,1,#33714F,green,0,0153e7870cd7e90d136c48b123234499ca13b4541a1c307af182779369fd8a88
lib/_icons/drill_24px_light.png,24,24,RGBA,0,255,188,1,#E5E4E2,light,0,d91bfbfda262b981d4b0a169b9d60a3a460867686c8c81a5b376d4a679f37207
lib/_icons/drill_24px_orange.png,24,24,RGBA,0,255,188,1,#FF8000,orange,0,b038af30910c14f289d553eb80d379af1c8561414c0b87d17edf23727d5bb6a7
lib/_icons/drill_32px_dark.png,32,32,RGBA,0,255,318,1,#1A252B,dark,0,a616b75ac49e000fe875fa40120f0084c3cdf6fedb84fd040b5074387da92626
lib/_icons/drill_32px_green.png,32,32,RGBA,0,255,318,1,#33714F,green,0,334868e0ca82d34cf8f3dee0b8f35394d1401dcfd857ee349590ff8148b2d4c0
lib/_icons/drill_32px_light.png,32,32,RGBA,0,255,318,1,#E5E4E2,light,0,0a8ae10ce7becb035d9bb2a5bc2c18a5b2866d025f9817ad88d9bc46e6a237dd
lib/_icons/drill_32px_orange.png,32,32,RGBA,0,255,318,1,#FF8000,orange,0,f9db05acb4531784b7a7d94c1484558c0fe2794d2dfa97fff39025e3623056b2
lib/_icons/drill_96px_dark.png,96,96,RGBA,0,255,2212,1,#1A252B,dark,0,db5d7764dcf2e577584d87c17debb6e210821ea039c775620d24f76e065a0a11
lib/_icons/drill_96px_green.png,96,96,RGBA,0,255,2212,1,#33714F,green,0,2fa2c254d49d8ca333a4ae224ea5a3b6e6c538abebed430b0d5869fcd98f4fdf
lib/_icons/drill_96px_light.png,96,96,RGBA,0,255,2212,1,#E5E4E2,light,0,2d406bb111834f1f0e8e89730047518fdefb4ea6b3541be86947a91e4edf4e2e
lib/_icons/drill_96px_orange.png,96,96,RGBA,0,255,2212,1,#FF8000,orange,0,6f4c59e0d9d8e3b1f600e781e3ad805c3a4b73bab918d4f679278333de890e09
lib/_icons/duplicate_16px_dark.png,16,16,RGBA,0,191,109,0,,dark,0,7e7c5bdce5a6618c8a2375b30a94249aac18170a78c2eb18c949a3cece28a3f0
lib/_icons/duplicate_16px_green.png,16,16,RGBA,0,191,109,0,,green,0,4df121d79e4b0c3e64d282fb9eee7510b4ed91a7e5ffeba5c87b06e24ac29e0a
lib/_icons/duplicate_16px_light.png,16,16,RGBA,0,191,109,0,,light,0,0c02598bfc60fae12a4f8997171cc87d2385bbbc050ad9e13a26ba67aecc3dec
lib/_icons/duplicate_16px_orange.png,16,16,RGBA,0,191,109,0,,orange,0,01bf04e2b581463eb14a3bf5aca3f6d1915a880c6316d7fe209dc79fd207fe87
lib/_icons/duplicate_24px_dark.png,24,24,RGBA,0,255,195,1,#1A252B,dark,0,9948cd7d4e5ac2318c359ea407aa36b3365d021fdf9a8d3a4e64126eca68fc88
lib/_icons/duplicate_24px_green.png,24,24,RGBA,0,255,195,1,#33714F,green,0,cf7514bdc0b26cac822d221f3a51876cc8cba559a604a7f7a3d68068a3476048
lib/_icons/duplicate_24px_light.png,24,24,RGBA,0,255,195,1,#E5E4E2,light,0,2b5f365475a9f1448e002912b52167fcccbc80d8b4ba55c2685c272dadaca4cb
lib/_icons/duplicate_24px_orange.png,24,24,RGBA,0,255,195,1,#FF8000,orange,0,27bcff77db7b0073cf9be99c0684e4c9721079aeceddc9cc2a2b24d71245c71b
lib/_icons/duplicate_32px_dark.png,32,32,RGBA,0,255,349,1,#1A252B,dark,0,17eb6c904d1c33daca0d6efa2f78e06ba0fc3cc6a32e277b6ec542e3516d913e
lib/_icons/duplicate_32px_green.png,32,32,RGBA,0,255,349,1,#33714F,green,0,289440fc7118220e1110863c3a5ab1bd08f291d9b9cbbd4c4850e6aacc5c88e8
lib/_icons/duplicate_32px_light.png,32,32,RGBA,0,255,349,1,#E5E4E2,light,0,90b970c806c1f9d1b675cb9879ed6004370423e658b8fc062fd09f46e2033361
lib/_icons/duplicate_32px_orange.png,32,32,RGBA,0,255,349,1,#FF8000,orange,0,5fdb0590da4b869f626a8a7572b978a9b64232e2f81a9a8698d4d85be34981f5
lib/_icons/duplicate_96px_dark.png,96,96,RGBA,0,255,2294,1,#1A252B,dark,0,543262eacdb044d588f77c1d3a05b6342f0b5ac659258971e1f80719016c2bf3
lib/_icons/duplicate_96px_green.png,96,96,RGBA,0,255,2294,1,#33714F,green,0,0023e2a05334c972ef4d04d5606dc5eb80991e4b7cb3c9ae616edcff1b88a18b
lib/_icons/duplicate_96px_light.png,96,96,RGBA,0,255,2294,1,#E5E4E2,light,0,45a9bc419cc682b0ffe3c801fb9af88cd5c77d6acaa66287d2cb9798262a9428
lib/_icons/duplicate_96px_orange.png,96,96,RGBA,0,255,2294,1,#FF8000,orange,0,c84acfd1c4446f2e74a3cdc2ee9a0d327484472727e552cd65a9151279bf24c6
lib/_icons/feedback_16px_dark.png,16,16,RGBA,0,255,76,1,#1A252B,dark,0,a6af76dbced4f24113262145f2f00a1f0fb623c200646b00777b6115779c52a8
lib/_icons/feedback_16px_green.png,16,16,RGBA,0,255,76,1,#33714F,green,0,156b40921936728ff66a822884d52d6a0f2f6042eb7400e44a930c6b349a131c
lib/_icons/feedback_16px_light.png,16,16,RGBA,0,255,76,1,#E5E4E2,light,0,ca724fd8f3acb318cc7bad4d092dcfcd6e904e90bf86230f78b779948ec3a1fd
lib/_icons/feedback_16px_orange.png,16,16,RGBA,0,255,76,1,#FF8000,orange,0,a55602ac9387520b0ae514b83493f7f73314836d8e5df5213aed7ed466d7e4dc
lib/_icons/feedback_24px_dark.png,24,24,RGBA,0,255,158,1,#1A252B,dark,0,25b79814ab918558dc951da088ec5797fbc4006966b87f19cdd4f7e3a557a00c
lib/_icons/feedback_24px_green.png,24,24,RGBA,0,255,158,1,#33714F,green,0,29d90281efb961556a73cb4d8d9cd7ef34caa9392b36d13285fc867c9339f3fc
lib/_icons/feedback_24px_light.png,24,24,RGBA,0,255,158,1,#E5E4E2,light,0,7bc00cc4b8abf18cb6a7546cb466f324aaf6246cd6455f3b889dce055cec043b
lib/_icons/feedback_24px_orange.png,24,24,RGBA,0,255,158,1,#FF8000,orange,0,de744010a4309268bb947a15dbee9d65380305bcd0570f35a6fd770210742b1b
lib/_icons/feedback_32px_dark.png,32,32,RGBA,0,255,261,1,#1A252B,dark,0,0b3b3c5b133eec873fac926640edc7f214e9613404160533ee96524890467104
lib/_icons/feedback_32px_green.png,32,32,RGBA,0,255,261,1,#33714F,green,0,1e0376f1f5aaef5c7a16d75cf0b6ffc0c9ebc92e59a27e3dbcbe8b410434aa67
lib/_icons/feedback_32px_light.png,32,32,RGBA,0,255,261,1,#E5E4E2,light,0,212905a822942a30bcd9a932e021ca797e28aca37608dd48234867f6d549cb37
lib/_icons/feedback_32px_orange.png,32,32,RGBA,0,255,261,1,#FF8000,orange,0,744c7d964405e61f78f9d33e81be22f9c0802214f1e80dd5debcf9c479799169
lib/_icons/feedback_96px_dark.png,96,96,RGBA,0,255,1895,1,#1A252B,dark,0,be063abbf544cdb162577ff5145fe63a8297c4878d570a59fa05a638d5dd6b33
lib/_icons/feedback_96px_green.png,96,96,RGBA,0,255,1895,1,#33714F,green,0,6aa33ebe78a156f74ec361d8fa6a65f90a5eb5b4f4bf74dcbf69af3146a4211b
lib/_icons/feedback_96px_light.png,96,96,RGBA,0,255,1895,1,#E5E4E2,light,0,0fe0eca5601c4ff9a790bfead9bdf3696ec6a4e3b61503f5d1767aa4c0518663
lib/_icons/feedback_96px_orange.png,96,96,RGBA,0,255,1895,1,#FF8000,orange,0,ba44bab9a3efc36170c46baf85bb6ba8d124027119596a549f36d6f5497680b2
lib/_icons/gear_16px_dark.png,16,16,RGBA,0,255,96,1,#1A252B,dark,0,0c62070327e6209710587af06204d6305dda6f56aed14c84c187f9950a94de05
lib/_icons/gear_16px_green.png,16,16,RGBA,0,255,96,1,#33714F,green,0,f06354e859936dfac80787c590ab38c95b498f7fa232c7d38834da8042f9aa66
lib/_icons/gear_16px_light.png,16,16,RGBA,0,255,96,1,#E5E4E2,light,0,734e66fb6011771d1ba3b2d381a04bfa1c77fec616cdb419153189aea180b2dc
lib/_icons/gear_16px_orange.png,16,16,RGBA,0,255,96,1,#FF8000,orange,0,8a208664950dcdd7be3daeab8888277645e52724fa4434d8c93fd69b05d47f5f
lib/_icons/gear_24px_dark.png,24,24,RGBA,0,255,168,1,#1A252B,dark,0,761406c8abb0e7d37fcd394ea48b65f8df6773e9abfbcd1d1502d44389870bde
lib/_icons/gear_24px_green.png,24,24,RGBA,0,255,168,1,#33714F,green,0,2a187c11aea07b56de902340cc2a3a9b1872bed7613a6cab6d91d6f5085371fb
lib/_icons/gear_24px_light.png,24,24,RGBA,0,255,168,1,#E5E4E2,light,0,715d3e905e4d02a5f72b52f196ce3c0168c5ca6ebc4ae1677ec875d62269495e
lib/_icons/gear_24px_orange.png,24,24,RGBA,0,255,168,1,#FF8000,orange,0,d28fecc4e482ebfdd0092a5038d32a1b226044cfb6ab5023a5b3b0ce66626800
lib/_icons/gear_32px_dark.png,32,32,RGBA,0,255,264,1,#1A252B,dark,0,d1900b0f74c2d1564aa4764c880e8c5d5718d51f8babadc26413353b4699928f
lib/_icons/gear_32px_green.png,32,32,RGBA,0,255,264,1,#33714F,green,0,0510bfc1955466577b0d40c4b7498517023dc2d27151f1ebe930d40376cc2e8f
lib/_icons/gear_32px_light.png,32,32,RGBA,0,255,264,1,#E5E4E2,light,0,cfbc7517ad8ff0534e65dc10e4c0942c2d36180080c700bb686f4d9829f19736
lib/_icons/gear_32px_orange.png,32,32,RGBA,0,255,264,1,#FF8000,orange,0,4fe23386ec2f1fadbcaaefa3224074dbb9ab6ef7ad1f3f2aad0106f58a00685d
lib/_icons/gear_96px_dark.png,96,96,RGBA,0,255,2000,1,#1A252B,dark,0,3d95087c88286ab3dde157515ef597c153956bbc599f35aee155fd370776700a
lib/_icons/gear_96px_green.png,96,96,RGBA,0,255,2000,1,#33714F,green,0,cfe39dab511d2c54e3207a2af1eb532c9282be8e1abd5a5b21ae6abf9c257fb8
lib/_icons/gear_96px_light.png,96,96,RGBA,0,255,2000,1,#E5E4E2,light,0,af88267185f4f1a8175b04019d4eacb3cfe944ff55383f2e7d8fe28ab8a2e5eb
lib/_icons/gear_96px_orange.png,96,96,RGBA,0,255,2000,1,#FF8000,orange,0,cd5e6396c6ee66eac60846a1dd0d43f87b328dbd6b47900f048be523f5f83b2d
lib/_icons/grogu_96px_dark.png,96,96,RGBA,0,255,3010,1,#1A252B,dark,0,5a8a435f2022d1e3ae90fde618619375228ad7497d386df9bfc06e85c3839bbe
lib/_icons/grogu_96px_green.png,96,96,RGBA,0,255,3010,1,#33714F,green,0,6a48ba2dce166c6d35a6034de78aeaa4fe7d12b6588bdc4b4ef86cd85425d688
lib/_icons/grogu_96px_light.png,96,96,RGBA,0,255,3010,1,#E5E4E2,light,0,d5b96a61b65da1bde2f400ff7c4b1d0f4cb1086a8d168e8bea7f2ceef6a10886
lib/_icons/grogu_96px_orange.png,96,96,RGBA,0,255,3010,1,#FF8000,orange,0,f5219d080397004a4452540a6226e072a8ecec50a09a8661c98a29e4920650b1
lib/_icons/hatglasses_16px_dark.png,16,16,RGBA,0,255,101,1,#1A252B,dark,0,63a15e70fada05822c2bfd8bd385cd20bf6c801ca5049d606aaccc0253c7c49d
lib/_icons/hatglasses_16px_green.png,16,16,RGBA,0,255,101,1,#33714F,green,0,c64651cbce68b31d02f5446d72dbcec5f435f293e78dbdd0ba4d4acbb81b5dcb
lib/_icons/hatglasses_16px_light.png,16,16,RGBA,0,255,101,1,#E5E4E2,light,0,a810e6faf2b69046133755fac2e92f2f1ade95354388585f00aef7f4d0e39a00
lib/_icons/hatglasses_16px_orange.png,16,16,RGBA,0,255,101,1,#FF8000,orange,0,f8be71ebeade0537668d80be9d7d1e5fb768fccb5426a553b5dabe6aabfab2ca
lib/_icons/hatglasses_24px_dark.png,24,24,RGBA,0,255,173,1,#1A252B,dark,0,b818c1b9a14b0ba1ad45b0e20a3dea70fb8f1de671a683658628cce612ba68e7
lib/_icons/hatglasses_24px_green.png,24,24,RGBA,0,255,173,1,#33714F,green,0,85fd8b9c249170fe72ed38c829747401168229df5873bba6f5c02d4228fce75d
lib/_icons/hatglasses_24px_light.png,24,24,RGBA,0,255,173,1,#E5E4E2,light,0,87a9aeff98a3a2ebd112fb721d98771a0a3db7b013f33e48ac5f70799cc1c39a
lib/_icons/hatglasses_24px_orange.png,24,24,RGBA,0,255,173,1,#FF8000,orange,0,007b0ec1c9584a903b444e662d75d73bc6566f446f241df97d473fd2449ef80d
lib/_icons/hatglasses_32px_dark.png,32,32,RGBA,0,255,297,1,#1A252B,dark,0,d5afa8799658af0519af0720e0b6d8fb54649628aeef81b0961fb5eebd724bbf
lib/_icons/hatglasses_32px_green.png,32,32,RGBA,0,255,297,1,#33714F,green,0,841d715a62654f690265a071ec9f609baf69a9814473cc08ed9e78ba8453ca2d
lib/_icons/hatglasses_32px_light.png,32,32,RGBA,0,255,297,1,#E5E4E2,light,0,996632e933cd5d94a8bdd7712758fdcacdbc050ec4404599cd43bfe8b8297cd6
lib/_icons/hatglasses_32px_orange.png,32,32,RGBA,0,255,297,1,#FF8000,orange,0,54489098a1c3f5c0c6b3199589b28aeca66eca49741da824e2415fcfd285c24e
lib/_icons/hatglasses_96px_dark.png,96,96,RGBA,0,255,2036,1,#1A252B,dark,0,8e2854dbe2af503125f614d1e25c630ff99bd3f19f2cc7bcfc67ea820b8cf665
lib/_icons/hatglasses_96px_green.png,96,96,RGBA,0,255,2036,1,#33714F,green,0,2fcae72514fe3e05571ec4302de8083a899d4a8df0c1f342b14cc78859ff8bfb
lib/_icons/hatglasses_96px_light.png,96,96,RGBA,0,255,2036,1,#E5E4E2,light,0,470f638522ad34bc9c31e02475584326b54b6df8ae80b2dc915e71f032868f30
lib/_icons/hatglasses_96px_orange.png,96,96,RGBA,0,255,2036,1,#FF8000,orange,0,52c7dc81fcfe2fe40b2dec7437f6ce8d4a285d3718f1874f91c4bd62cc161251
lib/_icons/hide_16px_dark.png,16,16,RGBA,0,255,110,1,#1A252B,dark,0,7cc966cdea5b874f6b0c4f254f2d1b691f86b0d2939ded27df3c0359a976ada9
lib/_icons/hide_16px_green.png,16,16,RGBA,0,255,110,1,#33714F,green,0,2e89efb7d95fb89df0dc115ad980fd72383cb70593d958e5f14f4bfbd2a726f5
lib/_icons/hide_16px_light.png,16,16,RGBA,0,255,110,1,#E5E4E2,light,0,9a0b17f446d0f7b3707978118307ba1582b379c1d0877ea3c5d6b533d9cec5b0
lib/_icons/hide_16px_orange.png,16,16,RGBA,0,255,110,1,#FF8000,orange,0,86ec49691eee538536464c4cc1887320d07b6ad9b5e570fc8ab89f1a4a6fa9ff
lib/_icons/hide_24px_dark.png,24,24,RGBA,0,255,199,2,#1A252B,dark,0,a31b95d98a572078f25c4a7f8a89106ba6875bf8f9cd580e659195771aafa7da
lib/_icons/hide_24px_green.png,24,24,RGBA,0,255,199,2,#33714F,green,0,5ed3c7fe580b5e0e17242252c8bbbba8c88c66032c4877562af7545d336f2a35
lib/_icons/hide_24px_light.png,24,24,RGBA,0,255,199,2,#E5E4E2,light,0,1d38aba85bc1bd410ad9e31ca346389cc1d95ee4304279355b64247dee1c773e
lib/_icons/hide_24px_orange.png,24,24,RGBA,0,255,199,1,#FF8000,orange,0,a8acbf847ac9d2d7bcaab33e366385587d79ba95ad5c7624c6d939ac594af450
lib/_icons/hide_32px_dark.png,32,32,RGBA,0,255,346,2,#1A252B,dark,0,ecad55250f177a623583613423d3e9b63918163faed4395bf33f88043a9b2272
lib/_icons/hide_32px_green.png,32,32,RGBA,0,255,346,2,#33714F,green,0,0c13464bbbec87364043a58cd7df26b76cec334a47b3e00e9237296c8aa4d470
lib/_icons/hide_32px_light.png,32,32,RGBA,0,255,346,2,#E5E4E2,light,0,3344e0cf1be0a82422f3eeab74dc249ac8933a59d2853e94465552b12ab644f2
lib/_icons/hide_32px_orange.png,32,32,RGBA,0,255,346,1,#FF8000,orange,0,1831e9fa6265683a06f13d04ad98785120343468edc737b776bfbf0fc33cb131
lib/_icons/hide_96px_dark.png,96,96,RGBA,0,255,2206,2,#1A252B,dark,0,376ea5455221bbce6f252dc46f5579056df3c390587591c080af6d8508b53ce7
lib/_icons/hide_96px_green.png,96,96,RGBA,0,255,2206,2,#33714F,green,0,94d9dbc6eed6a0c296529731fc71931ed4a546c005b8f753dbd442c24c44354d
lib/_icons/hide_96px_light.png,96,96,RGBA,0,255,2206,3,#E5E4E2,light,0,5e9766322ec93f5eb57ff9b545f60e635fd7f51418ed0577c0f8778b9056eaf7
lib/_icons/hide_96px_orange.png,96,96,RGBA,0,255,2206,1,#FF8000,orange,0,75380ad956795d92640fb9ff534ebc3aed33685af4fdc2d9f37e3d2d182073b6
lib/_icons/image_16px_dark.png,16,16,RGBA,0,255,130,1,#1A252B,dark,0,448db695a659a6a2cdb3ee2060bc273bb032143088e69b74062f3c1c36065972
lib/_icons/image_16px_green.png,16,16,RGBA,0,255,130,1,#33714F,green,0,f5ef3b7b58ccf16b9419b67bfe52f68efdde495c37b9862652cddcd4f046db53
lib/_icons/image_16px_light.png,16,16,RGBA,0,255,130,1,#E5E4E2,light,0,ee3b7bdce07f4b6518d53a8c2d733114e4f6e4914d2702a73bd1e8cc3b3c5718
lib/_icons/image_16px_orange.png,16,16,RGBA,0,255,130,1,#FF8000,orange,0,4f24e2054fc2f0e224d2c86ddbe92e71ab049d7351c2bc8900c3962bb1ab20e5
lib/_icons/image_24px_dark.png,24,24,RGBA,0,255,204,1,#1A252B,dark,0,efd58cd2563831afae78622398d82e0e111c87b80af539e3d2ae4cce8d6ff016
lib/_icons/image_24px_green.png,24,24,RGBA,0,255,204,1,#33714F,green,0,2db5d77b25e41c79a8ecf006b954943994bc2d781431ee5d4e80e6f5691c2896
lib/_icons/image_24px_light.png,24,24,RGBA,0,255,204,1,#E5E4E2,light,0,75a8954c403901296eecf995b16864cd4574172ab69c5fcd17cc1b671fb208a7
lib/_icons/image_24px_orange.png,24,24,RGBA,0,255,204,1,#FF8000,orange,0,4198a5c27971c4de94a3e6c5222d6c8368927b11012b1b2b45d61a739d431211
lib/_icons/image_32px_dark.png,32,32,RGBA,0,255,292,1,#1A252B,dark,0,b9728ef25702307cf47c9a134e89a65f9e459bab7d0b9f71f25ba7a7857876ab
lib/_icons/image_32px_green.png,32,32,RGBA,0,255,292,1,#33714F,green,0,38d71ffd1c31b821d5f265223ab12af2871c3d5378322fd20b72106cbb518df2
lib/_icons/image_32px_light.png,32,32,RGBA,0,255,292,1,#E5E4E2,light,0,0ecf3c3d4447fb79a4fcd8ff83e4e0e3761182ad8a2757a3606b36205bb9364d
lib/_icons/image_32px_orange.png,32,32,RGBA,0,255,292,1,#FF8000,orange,0,351a93d88e831cda1b63cfbc3240201e1195b7e5dd6685640e26bc7e48771286
lib/_icons/image_96px_dark.png,96,96,RGBA,0,255,2407,1,#1A252B,dark,0,35aa72be609fb44dd742232ca1164de67eb7411a1e91ec0b97b780ba93256e06
lib/_icons/image_96px_green.png,96,96,RGBA,0,255,2407,1,#33714F,green,0,e6643e79bc1cdd65d1f7ccb12fb24b066a703569de2d2e924db22379b19936ec
lib/_icons/image_96px_light.png,96,96,RGBA,0,255,2407,1,#E5E4E2,light,0,2202666d909f53a3359cd33e755f61386519f4ec584b93edcd15917f2ee95728
lib/_icons/image_96px_orange.png,96,96,RGBA,0,255,2407,1,#FF8000,orange,0,73b10050db5a68478cf9487fef969713b8033f3205c5569bb3d2ae3fa1fa3aad
lib/_icons/klaa-cube_96px_green.png,96,96,RGBA,0,255,6080,867,#FFFFFF,green,4574,6ba7cfeb44e42f5974a56b71d38c65f23349b0d8395623018d66fca8ff8c015a
lib/_icons/klaa-cube_96px_orange.png,96,96,RGBA,0,255,6080,947,#FFFFFF,orange,4493,29590edf7087d7098cb70dbd1ed45d0b049a6ed4e42bad854788ddcd98fdf94a
lib/_icons/lightsaber_96px_dark.png,96,96,RGBA,0,255,1412,1,#1A252B,dark,0,0f0c7456408e2292c708ab1da6c655e0a3ce3bdfeefe6947d2abe4fcfb7e3c2f
lib/_icons/lightsaber_96px_green.png,96,96,RGBA,0,255,1412,1,#33714F,green,0,77f8d5a160c291e2cd0d7c25af092ac444c969fc4ed862db357a817e7f15e488
lib/_icons/lightsaber_96px_light.png,96,96,RGBA,0,255,1412,1,#E5E4E2,light,0,543e39899b261df45abb2ff8a87014d359118f8d4c0de4ee894ca79d45364f6b
lib/_icons/lightsaber_96px_orange.png,96,96,RGBA,0,255,1412,1,#FF8000,orange,0,ede1cf36f9c5e7eb1671c9406406b8af2fa611d26624200720113819d25ae0c2
lib/_icons/master design colors/square_96px_KLCharcoal-black.png,96,96,RGBA,255,255,9216,1,#131313,,,99b25942e85e936200d7b223c95edfc29a9a151b57703d02f3169463146cd3e9
lib/_icons/master design colors/square_96px_KLCharcoal-gray.png,96,96,RGBA,255,255,9216,1,#4F4F4F,,,afc96481d7152531f1c65bea06ffd92e1393d86e09949e2edbf67b412d265ac8
lib/_icons/master design colors/square_96px_KLCharcoal.png,96,96,RGBA,255,255,9216,1,#1A252B,,,21c1f59aff34891c91aef222d2b9ecfafc67c9bbae76dcd2dcb75df4249d51bb
lib/_icons/master design colors/square_96px_KLGray-dark.png,96,96,RGBA,255,255,9216,1,#3F3F3F,,,10421bf173c594bcf119ee18eae1be9a5c4f7fd23e5189ca039cb3dd9dbd9525
lib/_icons/master design colors/square_96px_KLGray-disabled-check.png,96,96,RGBA,255,255,9216,1,#6C6C6C,,,f7cb27ae2129d2fabcee4ba1270c15cc26c997407541dd5eda65c0795d254ff4
lib/_icons/master design colors/square_96px_KLGray-disabled.png,96,96,RGBA,255,255,9216,1,#888888,,,2accdee44649642f881f58e5a811f1f38d35326d9d414ca680914c75435fb660
lib/_icons/master design colors/square_96px_KLGray-medium.png,96,96,RGBA,255,255,9216,1,#808080,,,a8c5107017555b7ff4bffb9a2968b0cd7d4599750d30557f93ffa6cb1341fa99
lib/_icons/master design colors/square_96px_KLGray-scroll.png,96,96,RGBA,255,255,9216,1,#505050,,,b09d2d1793f33be56307bdf6ffd28f736b1834fcdfbf8b156510f382d4883a20
lib/_icons/master design colors/square_96px_KLGreen-checkbox-a.png,96,96,RGBA,136,136,9216,0,,,,54aeded13b96885f7c13c36cbf7aede635f65c79919c633075d1144f656fb4fe
lib/_icons/master design colors/square_96px_KLGreen-checkbox-b.png,96,96,RGBA,153,153,9216,0,,,,ee630f2b8a83f30ece31e88d97a9983486562cf73fc74a45419c6f82a20aa11d
lib/_icons/master design colors/square_96px_KLGreen-dark.png,96,96,RGBA,255,255,9216,1,#286048,,,15824e104e1854cc87cc911faf1437d53ba48aa26d16ce6a580ef093af1a3803
lib/_icons/master design colors/square_96px_KLGreen-secondary.png,96,96,RGBA,255,255,9216,1,#407058,,,658494007a813764449d25c918b4e53ea025f06bc36f924b15dacec411dce801
lib/_icons/master design colors/square_96px_KLGreen-transparent-a.png,96,96,RGBA,51,51,9216,0,,,,4f35e782b8798212eddd5148fd9570457f043299d1f462daebb2c420a63ccfe4
lib/_icons/master design colors/square_96px_KLGreen-transparent-b.png,96,96,RGBA,51,51,9216,0,,,,bda28e12ff08c49215b7eb6f470be15b45867f785590b4f2d59c216f6d3c463b
lib/_icons/master design colors/square_96px_KLGreen.png,96,96,RGBA,255,255,9216,1,#33714F,,,71983e558b286fcaed8a569badde7ae705d4113afa5497710d94fc3712f6aa7e
lib/_icons/master design colors/square_96px_KLOrange.png,96,96,RGBA,255,255,9216,1,#FF8000,,,29f58f9c79514022f3c5f5a54cf96e02160f628ffcd7893a55eccb29c3f52206
lib/_icons/master design colors/square_96px_KLWhite.png,96,96,RGBA,255,255,9216,1,#E5E4E2,,,dddf494c405c55d07033a7a9e68d100af7d89a2b071b6c61bdebb59bcb57d2e2
lib/_icons/master design colors/square_96px_black.png,96,96,RGBA,255,255,9216,1,#000000,,,51e9c9986c42bb951b0a79bb54261561bdd9d949b74cddb3e2e360761704f1e3
lib/_icons/master design colors/square_96px_info-green.png,96,96,RGBA,255,255,9216,1,#3CB371,,,310a3b7df5743917cec1075826c5a280909b880f4821139de2b4d545cac82513
lib/_icons/master design colors/square_96px_warning-gold.png,96,96,RGBA,255,255,9216,1,#DAA520,,,087c02ab761d9cd8db47bfa5f3e1f86637cb8fcd068f6a298d2a7d512d4897d5
lib/_icons/master design colors/square_96px_white.png,96,96,RGBA,255,255,9216,1,#FFFFFF,,,13f12880cab33bd4721dfe2fdbb0fc2266064b10e6a1d98913b918fc9b912be9
lib/_icons/r2d2_96px_dark.png,96,96,RGBA,0,255,2715,1,#1A252B,dark,0,043c195dff3a7332afe292e9005183aecb0d8e4cac11faf02f797a20607115ac
lib/_icons/r2d2_96px_green.png,96,96,RGBA,0,255,2715,1,#33714F,green,0,4dd9f1cbd0fae718fe6b70736ff62fcb55e8bb38964037262f969d325839ea33
lib/_icons/r2d2_96px_light.png,96,96,RGBA,0,255,2715,1,#E5E4E2,light,0,5ef8ea05937659604a8599388e59d16aa39b88f5fe534206309c0b006791d1d6
lib/_icons/r2d2_96px_orange.png,96,96,RGBA,0,255,2715,1,#FF8000,orange,0,65ce979c71c06f5da4e7706bc4de500b21cf34f1c704d3159e1f32909f41c2b1
lib/_icons/rename_16px_dark.png,16,16,RGBA,0,209,59,0,,dark,0,06e7b6829e3355a6bfe1e4c02c369ce6dd5bc82f95f4f4bc0a239c3c8ebbc3c8
lib/_icons/rename_16px_green.png,16,16,RGBA,0,209,59,0,,green,0,92807d676d56787c2be8a5bfb8f75327617ee546fc26d9b49d82fcced1279ccc
lib/_icons/rename_16px_light.png,16,16,RGBA,0,209,59,0,,light,0,4c4a158543276ba1f6e48983ab1c929dd6a0d51527f8a574281dd1f87d755ca5
lib/_icons/rename_16px_orange.png,16,16,RGBA,0,209,59,0,,orange,0,522b714b50c6efdaae7f77c85d9330fb230b54d1cc372c476d24679a179f7851
lib/_icons/rename_24px_dark.png,24,24,RGBA,0,255,132,1,#1A252B,dark,0,0a72e016f6c4c2cc784dbe8012ab91ce75bede8464757071d1a58e4419836656
lib/_icons/rename_24px_green.png,24,24,RGBA,0,255,132,1,#33714F,green,0,1b162b36a8c43d7c2749f100e947c179aad8130dbdc321bb42ba65d6391e8a88
lib/_icons/rename_24px_light.png,24,24,RGBA,0,255,132,1,#E5E4E2,light,0,53bcd422b31c17b7df7bfaeccdfbc6c2bd5972cee806406726b17474af8f980f
lib/_icons/rename_24px_orange.png,24,24,RGBA,0,255,132,1,#FF8000,orange,0,a61922258533092360b649b13d7148930eb3e1cb1b625c68c1b65e4ee4ccf425
lib/_icons/rename_32px_dark.png,32,32,RGBA,0,255,226,1,#1A252B,dark,0,dadbb6fc1f9f4ce278562c692aabf2df88750d1bd7ec17d01db9f6c06af740f7
lib/_icons/rename_32px_green.png,32,32,RGBA,0,255,226,1,#33714F,green,0,c2554d25960b5a2e6238eaa04825c3dc0378fb44199f873a69c7f50b5f92f232
lib/_icons/rename_32px_light.png,32,32,RGBA,0,255,226,1,#E5E4E2,light,0,7389cc02b56663c3286465a3921332dcafd8cc78b85591104391ebe5d56968a6
lib/_icons/rename_32px_orange.png,32,32,RGBA,0,255,226,1,#FF8000,orange,0,9620f900c31b49ddc58496dbb7617837e9e774d5bf32542f4da0416804f8176d
lib/_icons/rename_96px_dark.png,96,96,RGBA,0,255,1564,1,#1A252B,dark,0,d8d80b34d0851ae2ae3f1435b91c53ec2d0f87c0f4684d42bebf25902f7e4daf
lib/_icons/rename_96px_green.png,96,96,RGBA,0,255,1564,1,#33714F,green,0,dcf72bb9ec5cc78e81f1d75b9ce07503fc1cbe3f7ec345461898f4fdfe95ce88
lib/_icons/rename_96px_light.png,96,96,RGBA,0,255,1564,1,#E5E4E2,light,0,60d96a73f3cb88e6aad394cfcff995728130c4ebb5cd3d0b5bc540cef5c8cdd8
lib/_icons/rename_96px_orange.png,96,96,RGBA,0,255,1564,1,#FF8000,orange,0,e2902d1986ed0de5b264c369d4cc238d76d09807ede069f831e7256e4de6986b
lib/_icons/revision_96px_dark.png,96,96,RGBA,0,255,1298,1,#1A252B,dark,0,3cec8d7d46a465db52415f37b9ab19ac830a7d2846a0e19d69d63799fa6fde17
lib/_icons/revision_96px_green.png,96,96,RGBA,0,255,1298,1,#33714F,green,0,8c9a10f4a3c69526b39ee24cd8a30a90105166cf7215281640b896ce56d89604
lib/_icons/revision_96px_light.png,96,96,RGBA,0,255,1298,1,#E5E4E2,light,0,ff0636d75208b044f9116875ae50ab1ebe73d8086f27c72d0ada8bbb608eb2ef
lib/_icons/revision_96px_orange.png,96,96,RGBA,0,255,1298,1,#FF8000,orange,0,816d34868d7fa096a9f3c47cef8e3a46bfa78ed15a672ec26436144d23350f38
lib/_icons/revisionclouds_96px_dark.png,96,96,RGBA,0,255,1625,1,#1A252B,dark,0,018d94fc1d129f0eec0bae483ba71fbd61e6c5f0ff5c2e802509c83bec9587b1
lib/_icons/revisionclouds_96px_green.png,96,96,RGBA,0,255,1625,1,#33714F,green,0,7a21cff546b9f904c36fe317290f678c7b778bdd6c6242184e3d09a2bd4e8f22
lib/_icons/revisionclouds_96px_light.png,96,96,RGBA,0,255,1625,1,#E5E4E2,light,0,bdac9afa0f9af2c54b2380c8ccf232da14bdfc5994c5528069bb99b79a84727e
lib/_icons/revisionclouds_96px_orange.png,96,96,RGBA,0,255,1625,1,#FF8000,orange,0,1e581b3162a0d51d3788a8856b18e2c83ff42514b75b9ee0b4f5afbb1355f3d3
lib/_icons/revisionremove_96px_dark.png,96,96,RGBA,0,255,2081,1,#1A252B,dark,0,ce92a9bc36bc07e6b19fc41f086456c66376262055c9cf97069ea2213c0b7a4e
lib/_icons/revisionremove_96px_green.png,96,96,RGBA,0,255,2081,1,#33714F,green,0,382c213e6940de5f62dcff4ce60b77b57836e9328b78ff810bf61eeba39f05c0
lib/_icons/revisionremove_96px_light.png,96,96,RGBA,0,255,2081,1,#E5E4E2,light,0,1696ff4fba986a0eb90ed1bd6388dce20d0fbac286ef73c291c00ceb0939143e
lib/_icons/revisionremove_96px_orange.png,96,96,RGBA,0,255,2081,1,#FF8000,orange,0,641a057fdf46435764e9fcc7ffa73b89851e2a1a41f36ebd6eda6f4c6149ed39
lib/_icons/revisionrevisedsheets_96px_dark.png,96,96,RGBA,0,255,2240,1,#1A252B,dark,0,8fcc8b95507de5608277939d017f63a0dc925d4193bafa3f365fa49ad728e3fe
lib/_icons/revisionrevisedsheets_96px_green.png,96,96,RGBA,0,255,2240,1,#33714F,green,0,3c118e5ccb63a937e147c98ae465c18b2f2432e4958a6ee29f37a6a52c1d0d6a
lib/_icons/revisionrevisedsheets_96px_light.png,96,96,RGBA,0,255,2240,1,#E5E4E2,light,0,8ebf1570962dc03e05c209592032d0a8b7bb505b7657ae09bdaddc6f512b0da2
lib/_icons/revisionrevisedsheets_96px_orange.png,96,96,RGBA,0,255,2240,1,#FF8000,orange,0,9ee57f5061df58d9f3e0e0a72782e55fb7e13954a676b705517f16412cadb15b
lib/_icons/revisionset_96px_dark.png,96,96,RGBA,0,255,2045,1,#1A252B,dark,0,5129de6b1e02935c11fd23b97def725aad70b10ee82c6ca92a5b5ccb67c597ec
lib/_icons/revisionset_96px_green.png,96,96,RGBA,0,255,2045,1,#33714F,green,0,f9e43909439443eb15f8fe9f5c524edffebfa5ccd24ca5f1ca9e6816788d9321
lib/_icons/revisionset_96px_light.png,96,96,RGBA,0,255,2045,1,#E5E4E2,light,0,0acfa6f6eb88aa6cc282ae33c8633f39ae880eaca5957ccd04e7622e4a2baffc
lib/_icons/revisionset_96px_orange.png,96,96,RGBA,0,255,2045,1,#FF8000,orange,0,8820d0e762aed021e5abf5e50c6c611ec137c5e52081ac6bef88469ae5e11b9e
lib/_icons/revisionturnoff_96px_dark.png,96,96,RGBA,0,255,2081,1,#1A252B,dark,0,ce92a9bc36bc07e6b19fc41f086456c66376262055c9cf97069ea2213c0b7a4e
lib/_icons/revisionturnoff_96px_green.png,96,96,RGBA,0,255,2081,1,#33714F,green,0,382c213e6940de5f62dcff4ce60b77b57836e9328b78ff810bf61eeba39f05c0
lib/_icons/revisionturnoff_96px_light.png,96,96,RGBA,0,255,2081,1,#E5E4E2,light,0,1696ff4fba986a0eb90ed1bd6388dce20d0fbac286ef73c291c00ceb0939143e
lib/_icons/revisionturnoff_96px_orange.png,96,96,RGBA,0,255,2081,1,#FF8000,orange,0,641a057fdf46435764e9fcc7ffa73b89851e2a1a41f36ebd6eda6f4c6149ed39
lib/_icons/search_16px_dark.png,16,16,RGBA,0,255,92,1,#1A252B,dark,0,54847e2d216651b410735cb2a5ff50db4b0cffc272ccf21bb1b4a2597b7a4aa5
lib/_icons/search_16px_green.png,16,16,RGBA,0,255,92,1,#33714F,green,0,a85b605b6f236cc722f41570ec22336ab66b04438811aedc5a385239ada44189
lib/_icons/search_16px_light.png,16,16,RGBA,0,255,92,1,#E5E4E2,light,0,f04c390da0325361bf08797d4b68c3adc65b7b5f76894892d95fdc727d5e24b8
lib/_icons/search_16px_orange.png,16,16,RGBA,0,255,92,1,#FF8000,orange,0,2307638265a2fcbceace890b2fa122ca6e785e9ea79d3f09428e56ddbce4d629
lib/_icons/search_24px_dark.png,24,24,RGBA,0,255,170,2,#1A252B,dark,0,bcd0b1742011ef686cf6b18c3a0e3d73046ca4d0385667edf75aeae41ce86116
lib/_icons/search_24px_green.png,24,24,RGBA,0,255,170,2,#33714F,green,0,e40bfb682060d678ea4fcd402b6ff809a5cbc5ce3639388c78c1c100fc114d64
lib/_icons/search_24px_light.png,24,24,RGBA,0,255,170,2,#E5E4E2,light,0,d3be23bbdc5a6c6af17bba659468216f7c86ad8bc0a8c0954d2a1b9269b7ad03
lib/_icons/search_24px_orange.png,24,24,RGBA,0,255,170,2,#FF8000,orange,0,635856a9d816fa61960310640b58675e4bdbb60c87f00bd9282fec08a1e45a9c
lib/_icons/search_32px_dark.png,32,32,RGBA,0,255,280,1,#1A252B,dark,0,e85d5d0baeffa8bb37f014e704e700894600fd39ad3115a3d5f52964e81738eb
lib/_icons/search_32px_green.png,32,32,RGBA,0,255,280,1,#33714F,green,0,e7a9946abfb04f1448c56cc248a510a21e0b24a248461003a66f24bd0176e853
lib/_icons/search_32px_light.png,32,32,RGBA,0,255,280,2,#E5E4E2,light,0,7c787d25d34e91501579d8e6200783037ccb0bf5b3bd0957443cd68bcbf37e8d
lib/_icons/search_32px_orange.png,32,32,RGBA,0,255,280,1,#FF8000,orange,0,9a6f4f908e7f46b67cc6656d628ba7c3fd484cdabbb76be3cb1b856a7f4f5e8b
lib/_icons/search_96px_dark.png,96,96,RGBA,0,255,2031,1,#1A252B,dark,0,78ec180a4e3e1d545be061f725864299a7d2aec70ddb3fd50af95df23e445fb2
lib/_icons/search_96px_green.png,96,96,RGBA,0,255,2031,2,#33714F,green,0,cc7075a58ad98b52c1cb75406a56d14e625e226cf513b24c7247a7e8cd458432
lib/_icons/search_96px_light.png,96,96,RGBA,0,255,2031,3,#E5E4E2,light,0,73e57709aa24df4e6544835d16627604b1cff9b2233f4dc394f305128b3d89a8
lib/_icons/search_96px_orange.png,96,96,RGBA,0,255,2031,2,#FF8000,orange,0,3025a7edcead70f0eb3b7350b923483caee5436f0815a980043e1c773a8e5ba3
lib/_icons/stickynote_16px_dark.png,16,16,RGBA,0,255,91,1,#1A252B,dark,0,83f4333fa5e39589a1bc4a9b2f654c7da39f7da700c854b2d9c5b674bb008e5e
lib/_icons/stickynote_16px_green.png,16,16,RGBA,0,255,91,1,#33714F,green,0,aa1a805770ae5b1570de31d877c3b33e84bee3e1e7099b8a8c968d5f882468e9
lib/_icons/stickynote_16px_light.png,16,16,RGBA,0,255,91,1,#E5E4E2,light,0,2e25b4c32079b74612bfed9506419941733cb57199ba52c6e73f06d17634476f
lib/_icons/stickynote_16px_orange.png,16,16,RGBA,0,255,91,1,#FF8000,orange,0,ccff245034177c906b6df825c29dd0a4561d99e465156dabdbd1646f4342ba9d
lib/_icons/stickynote_24px_dark.png,24,24,RGBA,0,255,147,1,#1A252B,dark,0,c6d5045aa8d4ae29535711afbbd7ace760bff7ca7bb9d4af782d23269758a7de
lib/_icons/stickynote_24px_green.png,24,24,RGBA,0,255,147,1,#33714F,green,0,ccbdb421dc3118f1cf0733487539dcbb427561bf22c20f7c56299e1ba0852daf
lib/_icons/stickynote_24px_light.png,24,24,RGBA,0,255,147,1,#E5E4E2,light,0,6fb09e956777d82e4f8a9cdf22cde3c47258f201fd6b10f17b5104996ea80d41
lib/_icons/stickynote_24px_orange.png,24,24,RGBA,0,255,147,1,#FF8000,orange,0,3e9f7394b4fb5e6f4942d4561ce455658d1be05bd60d08fe9b591ba909ae7f6c
lib/_icons/stickynote_32px_dark.png,32,32,RGBA,0,255,211,1,#1A252B,dark,0,143d2d6cf3c99e4a7e913554ed6b022d8e6f946d6adfbe7a345487cc558d1418
lib/_icons/stickynote_32px_green.png,32,32,RGBA,0,255,211,1,#33714F,green,0,ce90d9e23d43ca181a84852f1f08922e2b9c2b60e701960295f1fd244a56a989
lib/_icons/stickynote_32px_light.png,32,32,RGBA,0,255,211,1,#E5E4E2,light,0,c1b3222d6722bba9fa11d666ce7bf9fc2f18bbec80fc7692eb13997d72d726cc
lib/_icons/stickynote_32px_orange.png,32,32,RGBA,0,255,211,1,#FF8000,orange,0,4cf293b6292ae8aef603db6b7e97e38195c68e943c652736a03fae79925dd7ea
lib/_icons/stickynote_96px_dark.png,96,96,RGBA,0,255,1813,1,#1A252B,dark,0,4d3df70f94d566971ba0d7312fae134d1317a991eb7b0c07687fc414c50ad6a2
lib/_icons/stickynote_96px_green.png,96,96,RGBA,0,255,1813,1,#33714F,green,0,29954b8dafef549ee2195f3c09bf3ddf2fc92dc615da855627f01680a8763afa
lib/_icons/stickynote_96px_light.png,96,96,RGBA,0,255,1813,1,#E5E4E2,light,0,885066c338cc7cf864fa46071bb50e4a164ae8dc615a84ba17067a68d6f52ba8
lib/_icons/stickynote_96px_orange.png,96,96,RGBA,0,255,1813,1,#FF8000,orange,0,b7508a65de04f40a29c781769a4758a3afa2d5ca5dd5b11c6f9d673fb57cf56b
lib/_icons/trees_16px_dark.png,16,16,RGBA,0,245,89,0,,dark,0,4e5ec23a533cd8893d9b0f47b8e78e2c5cfbea3837c4f44058ce786b6768b2be
lib/_icons/trees_16px_green.png,16,16,RGBA,0,245,89,0,,green,0,a56c799f702ca8a9296c74f6cff87c521874e667be9fdd316621323a02f887e3
lib/_icons/trees_16px_light.png,16,16,RGBA,0,245,89,0,,light,0,3c0ea0cf29a3c88f0f706b0a510d9a04f0ccf83edcbcb35a945876d27cc64d8a
lib/_icons/trees_16px_orange.png,16,16,RGBA,0,245,89,0,,orange,0,90f0afdc89601bf728f2043aebfbad123cbdbfed32b8832c083afecbb1b5b6e2
lib/_icons/trees_24px_dark.png,24,24,RGBA,0,255,183,1,#1A252B,dark,0,b3e31ab1d712f27ee59539b58a5381a1d840fa19b6481cb5da8fe8b72cefed17
lib/_icons/trees_24px_green.png,24,24,RGBA,0,255,183,1,#33714F,green,0,1650e4d4107572b7de8bdad708e403c2b7e6cf28604ef12d0eeed784c84bea85
lib/_icons/trees_24px_light.png,24,24,RGBA,0,255,183,1,#E5E4E2,light,0,d0ccf44517aaa67878ef26ae9b52c2376572f2b039c21a0ad1b11f3b4275afcd
lib/_icons/trees_24px_orange.png,24,24,RGBA,0,255,183,1,#FF8000,orange,0,41250f815ac633fba7b4b8772f92ef9cfc0678c1bcf723d74531e25698d0549e
lib/_icons/trees_32px_dark.png,32,32,RGBA,0,255,303,1,#1A252B,dark,0,bdc6f1af605a1dab27dbfc53771e91c2c6cfa3145a9f92db552df809ccc6c365
lib/_icons/trees_32px_green.png,32,32,RGBA,0,255,303,1,#33714F,green,0,1853c8fa0de61c0c096b8717b67b2b190be1a81565f91b6e92d249f9f654b0e2
lib/_icons/trees_32px_light.png,32,32,RGBA,0,255,303,1,#E5E4E2,light,0,ea19ed4b02f8f2e1e7db0c540447469a0b76bf5409bfc6469514760004c03010
lib/_icons/trees_32px_orange.png,32,32,RGBA,0,255,303,1,#FF8000,orange,0,7a3e18eeabf9b76ce9445ac00849d358adbee4b60ecd136a224e2f0046d71edc
lib/_icons/trees_96px_dark.png,96,96,RGBA,0,255,1962,1,#1A252B,dark,0,39175214463f635627dcb077d677006731e63ede5caa6f034cce1686ba16de49
lib/_icons/trees_96px_green.png,96,96,RGBA,0,255,1962,1,#33714F,green,0,0965f0c04ab78b2996a14fe8a9797ab51848e85211b8b6e0da14068bdaa64657
lib/_icons/trees_96px_light.png,96,96,RGBA,0,255,1962,1,#E5E4E2,light,0,22c15f49e1b59df4f10405f287eb3e074ade209f7a30c12eaa50541d3b1824da
lib/_icons/trees_96px_orange.png,96,96,RGBA,0,255,1962,1,#FF8000,orange,0,256736a64df2eaf66b3651d8c436c44e6aac7393a1d6e06a838ab94008b86d88
lib/_icons/trooper_96px_dark.png,96,96,RGBA,0,255,2375,1,#1A252B,dark,0,4d96f02302beb666b4e6f2c72f3a0e858040ec4350669ac8e7538cb1958814cb
lib/_icons/trooper_96px_green.png,96,96,RGBA,0,255,2375,1,#33714F,green,0,405f6fb64a1f765dd0b299517539b96e4d4a496a96f354887170feb1b33e9a89
lib/_icons/trooper_96px_light.png,96,96,RGBA,0,255,2375,1,#E5E4E2,light,0,0af2aff8d4320cca72163022d2fa4faab19b56b79c2d043f17001df0af2fbf3c
lib/_icons/trooper_96px_orange.png,96,96,RGBA,0,255,2375,1,#FF8000,orange,0,f2451d6004d9899618f9b861d0b2298260e7190632d2eaab2a6006e46f9ab25f
lib/_icons/viewrange_96px_dark.png,96,96,RGBA,0,255,1888,1,#1A252B,dark,0,abe1327fdd62ebf67e270a794df8c45db9acf411156a62d55d1daa5ea07274f4
lib/_icons/viewrange_96px_green.png,96,96,RGBA,0,255,1888,1,#33714F,green,0,c733ce76e5fc69b4f3e6f0d5fb1b2ccb56cd47073bcabf0fa57e1b1b84a4f824
lib/_icons/viewrange_96px_light.png,96,96,RGBA,0,255,1888,1,#E5E4E2,light,0,051261e443bc81ae855ea5fa50d5de461b17ac70559baed0fb329d8949f1a732
lib/_icons/viewrange_96px_orange.png,96,96,RGBA,0,255,1888,1,#FF8000,orange,0,fc50d157b220a3d9b91766b491dae8554a4816df38f6923d3007cad1d6428946
