path,root,class_name,width,height,resize_mode,controls,automation_attributes,parse_error
KL&A Tools_dev.tab/03 Core Tools.panel/ViewRange.pushbutton/MainWindow.xaml,Window,,760,430,CanResize,203,0,
KL&A Tools_dev.tab/05 DevSandbox.panel/Prototype.pulldown/FindReplace - Views-proto.pushbutton/Script.xaml,Window,,350,289,NoResize,45,0,
KL&A Tools_dev.tab/05 DevSandbox.panel/Prototype.pulldown/FindReplace_Sheets-proto.pushbutton/Script.xaml,Window,,620,289,NoResize,65,0,
KL&A Tools_dev.tab/05 DevSandbox.panel/Prototype.pulldown/Steel PSF.pushbutton/SteelPsfDialog.xaml,Window,,432,576,,50,0,
KL&A Tools_dev.tab/05 DevSandbox.panel/Prototype.pulldown/UI Gallery.pushbutton/Gallery.xaml,Window,,900,520,CanResize,78,0,
KL&A Tools_dev.tab/05 DevSandbox.panel/Prototype.pulldown/UI Gallery.pushbutton/fixtures/PreviewFixture.xaml,Window,,360,160,NoResize,3,0,
checks/locale/Checks.ResourceDictionary.chinese_s.xaml,ResourceDictionary,,,,,160,0,
checks/locale/Checks.ResourceDictionary.de_de.xaml,ResourceDictionary,,,,,160,0,
checks/locale/Checks.ResourceDictionary.en_us.xaml,ResourceDictionary,,,,,160,0,
checks/locale/Checks.ResourceDictionary.es_es.xaml,ResourceDictionary,,,,,160,0,
checks/locale/Checks.ResourceDictionary.fr_fr.xaml,ResourceDictionary,,,,,160,0,
checks/locale/Checks.ResourceDictionary.pt_br.xaml,ResourceDictionary,,,,,160,0,
checks/locale/Checks.ResourceDictionary.ru.xaml,ResourceDictionary,,,,,160,0,
lib/GUI/CustomAlert.xaml,Window,,440,255,,36,0,
lib/GUI/DuplicateSheets.xaml,Window,,800,491,NoResize,147,0,
lib/GUI/FindReplace.xaml,Window,,350,253,NoResize,51,0,
lib/GUI/RenameSheets.xaml,Window,,620,253,NoResize,69,0,
lib/GUI/RenameViews.xaml,Window,,350,253,NoResize,52,0,
lib/GUI/Resources/KLCode_palette.xaml,ResourceDictionary,,,,,13,0,
lib/GUI/Resources/WPF_styles.xaml,ResourceDictionary,,,,,235,0,
lib/GUI/SelectFromDict.xaml,Window,,432,576,,49,0,
lib/GUI/Tools/CreateFromRooms.xaml,Window,,400,406,,72,0,
lib/GUI/_templates/KLCodeMainTemplate.xaml,Window,,432,576,,54,0,
lib/customprops/pane_ui.ResourceDictionary.chinese_s.xaml,ResourceDictionary,,,,,27,0,
lib/customprops/pane_ui.ResourceDictionary.de_de.xaml,ResourceDictionary,,,,,27,0,
lib/customprops/pane_ui.ResourceDictionary.en_us.xaml,ResourceDictionary,,,,,27,0,
lib/customprops/pane_ui.ResourceDictionary.es_es.xaml,ResourceDictionary,,,,,27,0,
lib/customprops/pane_ui.ResourceDictionary.fr_fr.xaml,ResourceDictionary,,,,,27,0,
lib/customprops/pane_ui.ResourceDictionary.pt_br.xaml,ResourceDictionary,,,,,27,0,
lib/customprops/pane_ui.ResourceDictionary.ru.xaml,ResourceDictionary,,,,,27,0,
lib/customprops/pane_ui.xaml,Page,,,,,71,0,
lib/match/clipboard.Icons.xaml,ResourceDictionary,,,,,19,0,
lib/match/clipboard_content.xaml,UserControl,,,,,79,0,
lib/match/clipboard_page.xaml,Page,,,,,1,0,
lib/match/clipboard_ui.ResourceDictionary.chinese_s.xaml,ResourceDictionary,,,,,22,0,
lib/match/clipboard_ui.ResourceDictionary.de_de.xaml,ResourceDictionary,,,,,22,0,
lib/match/clipboard_ui.ResourceDictionary.en_us.xaml,ResourceDictionary,,,,,22,0,
lib/match/clipboard_ui.ResourceDictionary.es_es.xaml,ResourceDictionary,,,,,22,0,
lib/match/clipboard_ui.ResourceDictionary.fr_fr.xaml,ResourceDictionary,,,,,22,0,
lib/match/clipboard_ui.ResourceDictionary.ko.xaml,ResourceDictionary,,,,,22,0,
lib/match/clipboard_ui.ResourceDictionary.pt_br.xaml,ResourceDictionary,,,,,22,0,
lib/match/clipboard_ui.ResourceDictionary.ru.xaml,ResourceDictionary,,,,,22,0,
lib/match/clipboard_window.xaml,Window,,420,,,28,0,
src/KLA.ModelStartupImporter/KLA.ModelStartupImporter.UI/Resources/Strings/ResourceDictionary.en_us.xaml,ResourceDictionary,,,,,83,0,
src/KLA.ModelStartupImporter/KLA.ModelStartupImporter.UI/Views/BlockingIssuesWindow.xaml,Window,KLA.ModelStartupImporter.UI.Views.BlockingIssuesWindow,560,520,,52,0,
src/KLA.ModelStartupImporter/KLA.ModelStartupImporter.UI/Views/StartupImportReviewWindow.xaml,Window,KLA.ModelStartupImporter.UI.Views.StartupImportReviewWindow,860,640,,111,0,
src/KLA.ModelStartupImporter/KLA.ModelStartupImporter.UI/Views/StartupSourcePickerWindow.xaml,Window,KLA.ModelStartupImporter.UI.Views.StartupSourcePickerWindow,560,470,,58,0,
src/KLCode.FamilyStudio/Revit/KLCode.FamilyStudio.Revit/Resources/Strings/ResourceDictionary.en_us.xaml,ResourceDictionary,,,,,85,0,
src/KLCode.FamilyStudio/Revit/KLCode.FamilyStudio.Revit/Views/FamilyStudioWindow.xaml,Window,KLCode.FamilyStudio.Revit.Views.FamilyStudioWindow,1180,740,,183,0,
src/KLCode.Wpf/Resources/KLCodeCompiledTokens.xaml,ResourceDictionary,,,,,20,0,
src/KLCode.Wpf/Resources/KLCodeControls.xaml,ResourceDictionary,,,,,254,0,
src/KLCode.Wpf/Resources/Strings/ResourceDictionary.en_us.xaml,ResourceDictionary,,,,,8,0,
src/KLCode.Wpf/Views/KlaAlertWindow.xaml,Window,KLCode.Wpf.Views.KlaAlertWindow,440,300,,28,0,
